{
"meta":{"test_sets":[],"test_metrics":[],"learn_metrics":[{"best_value":"Min","name":"RMSE"}],"launch_mode":"Train","parameters":"","iteration_count":1000,"learn_sets":["learn"],"name":"experiment"},
"iterations":[
{"learn":[0.3677584113],"iteration":0,"passed_time":0.03099515585,"remaining_time":30.9641607},
{"learn":[0.3636300355],"iteration":1,"passed_time":0.06333517161,"remaining_time":31.60425063},
{"learn":[0.3594037568],"iteration":2,"passed_time":0.08960802965,"remaining_time":29.77973519},
{"learn":[0.3560947748],"iteration":3,"passed_time":0.1156705601,"remaining_time":28.80196946},
{"learn":[0.3526937421],"iteration":4,"passed_time":0.1402410313,"remaining_time":27.90796522},
{"learn":[0.3497694586],"iteration":5,"passed_time":0.1661146329,"remaining_time":27.51965752},
{"learn":[0.3467610082],"iteration":6,"passed_time":0.1901465123,"remaining_time":26.97364095},
{"learn":[0.3440635834],"iteration":7,"passed_time":0.2136980773,"remaining_time":26.49856159},
{"learn":[0.3414152564],"iteration":8,"passed_time":0.2392428226,"remaining_time":26.34329302},
{"learn":[0.3392867381],"iteration":9,"passed_time":0.2769428708,"remaining_time":27.41734421},
{"learn":[0.3370446483],"iteration":10,"passed_time":0.3061949807,"remaining_time":27.52971235},
{"learn":[0.3349497753],"iteration":11,"passed_time":0.3367758346,"remaining_time":27.72787704},
{"learn":[0.3333655033],"iteration":12,"passed_time":0.3654084203,"remaining_time":27.74293161},
{"learn":[0.3313871143],"iteration":13,"passed_time":0.3914142954,"remaining_time":27.56674966},
{"learn":[0.3299425606],"iteration":14,"passed_time":0.4384915838,"remaining_time":28.79428067},
{"learn":[0.3279956642],"iteration":15,"passed_time":0.4724916774,"remaining_time":29.05823816},
{"learn":[0.3261996938],"iteration":16,"passed_time":0.5096961929,"remaining_time":29.4724328},
{"learn":[0.324762727],"iteration":17,"passed_time":0.543052841,"remaining_time":29.62654944},
{"learn":[0.3231082348],"iteration":18,"passed_time":0.5848694649,"remaining_time":30.19773395},
{"learn":[0.321617311],"iteration":19,"passed_time":0.6138154237,"remaining_time":30.07695576},
{"learn":[0.320130004],"iteration":20,"passed_time":0.6465457641,"remaining_time":30.14134777},
{"learn":[0.3188372867],"iteration":21,"passed_time":0.6795953417,"remaining_time":30.21110201},
{"learn":[0.3173588834],"iteration":22,"passed_time":0.7176182632,"remaining_time":30.48317579},
{"learn":[0.316477686],"iteration":23,"passed_time":0.7463502266,"remaining_time":30.35157588},
{"learn":[0.3152251895],"iteration":24,"passed_time":0.7915981643,"remaining_time":30.87232841},
{"learn":[0.3141202145],"iteration":25,"passed_time":0.838466317,"remaining_time":31.41023818},
{"learn":[0.3132037515],"iteration":26,"passed_time":0.8716629562,"remaining_time":31.41215024},
{"learn":[0.3122805725],"iteration":27,"passed_time":0.9042074616,"remaining_time":31.38891617},
{"learn":[0.3114990206],"iteration":28,"passed_time":0.9311068318,"remaining_time":31.1760253},
{"learn":[0.3106685694],"iteration":29,"passed_time":0.9746466487,"remaining_time":31.51357498},
{"learn":[0.3097345585],"iteration":30,"passed_time":1.039062578,"remaining_time":32.47908511},
{"learn":[0.3092861283],"iteration":31,"passed_time":1.087952864,"remaining_time":32.91057414},
{"learn":[0.3085828124],"iteration":32,"passed_time":1.140830358,"remaining_time":33.42978657},
{"learn":[0.3079869205],"iteration":33,"passed_time":1.180264563,"remaining_time":33.53339905},
{"learn":[0.3072838426],"iteration":34,"passed_time":1.218329256,"remaining_time":33.59107807},
{"learn":[0.3067486204],"iteration":35,"passed_time":1.25835319,"remaining_time":33.69590208},
{"learn":[0.3059247593],"iteration":36,"passed_time":1.291185042,"remaining_time":33.605708},
{"learn":[0.305329318],"iteration":37,"passed_time":1.315932688,"remaining_time":33.31387489},
{"learn":[0.3047009807],"iteration":38,"passed_time":1.351177801,"remaining_time":33.29440684},
{"learn":[0.3040823403],"iteration":39,"passed_time":1.390374138,"remaining_time":33.36897932},
{"learn":[0.3036373443],"iteration":40,"passed_time":1.457466783,"remaining_time":34.09050353},
{"learn":[0.3031217296],"iteration":41,"passed_time":1.507992538,"remaining_time":34.39659169},
{"learn":[0.3025560421],"iteration":42,"passed_time":1.57461523,"remaining_time":35.04434362},
{"learn":[0.3021407079],"iteration":43,"passed_time":1.618040246,"remaining_time":35.15560171},
{"learn":[0.3016103359],"iteration":44,"passed_time":1.66295664,"remaining_time":35.29163536},
{"learn":[0.3012601152],"iteration":45,"passed_time":1.703234472,"remaining_time":35.32360187},
{"learn":[0.3008666651],"iteration":46,"passed_time":1.736325794,"remaining_time":35.20677621},
{"learn":[0.3004903916],"iteration":47,"passed_time":1.790637737,"remaining_time":35.51431511},
{"learn":[0.3000346237],"iteration":48,"passed_time":1.852055266,"remaining_time":35.94499098},
{"learn":[0.2996350914],"iteration":49,"passed_time":1.896151488,"remaining_time":36.02687827},
{"learn":[0.2990926047],"iteration":50,"passed_time":1.934739547,"remaining_time":36.00132999},
{"learn":[0.2987620319],"iteration":51,"passed_time":1.972807056,"remaining_time":35.96579017},
{"learn":[0.2983243118],"iteration":52,"passed_time":2.013323108,"remaining_time":35.97390534},
{"learn":[0.2978350164],"iteration":53,"passed_time":2.052137676,"remaining_time":35.95041188},
{"learn":[0.2974415182],"iteration":54,"passed_time":2.087298161,"remaining_time":35.8635775},
{"learn":[0.2970305939],"iteration":55,"passed_time":2.115045697,"remaining_time":35.65362746},
{"learn":[0.2967671977],"iteration":56,"passed_time":2.140007772,"remaining_time":35.40398823},
{"learn":[0.2964232933],"iteration":57,"passed_time":2.169832138,"remaining_time":35.24106679},
{"learn":[0.2960811122],"iteration":58,"passed_time":2.19935694,"remaining_time":35.07787932},
{"learn":[0.2956458858],"iteration":59,"passed_time":2.224275381,"remaining_time":34.84698097},
{"learn":[0.2953512215],"iteration":60,"passed_time":2.250894763,"remaining_time":34.64901939},
{"learn":[0.2951199429],"iteration":61,"passed_time":2.272841805,"remaining_time":34.38589698},
{"learn":[0.2948116296],"iteration":62,"passed_time":2.304139262,"remaining_time":34.26949981},
{"learn":[0.2944990627],"iteration":63,"passed_time":2.335923662,"remaining_time":34.16288356},
{"learn":[0.2941104122],"iteration":64,"passed_time":2.403052419,"remaining_time":34.56698479},
{"learn":[0.2938296156],"iteration":65,"passed_time":2.456843541,"remaining_time":34.7680586},
{"learn":[0.2935556302],"iteration":66,"passed_time":2.503269381,"remaining_time":34.85896018},
{"learn":[0.2932925211],"iteration":67,"passed_time":2.539877005,"remaining_time":34.81125543},
{"learn":[0.2929849144],"iteration":68,"passed_time":2.637155193,"remaining_time":35.58248529},
{"learn":[0.2927355684],"iteration":69,"passed_time":2.703297268,"remaining_time":35.91523513},
{"learn":[0.2924726573],"iteration":70,"passed_time":2.76466421,"remaining_time":36.17426833},
{"learn":[0.2922472747],"iteration":71,"passed_time":2.815950826,"remaining_time":36.29447732},
{"learn":[0.2919615624],"iteration":72,"passed_time":2.851301538,"remaining_time":36.20762365},
{"learn":[0.2917740296],"iteration":73,"passed_time":2.87685727,"remaining_time":35.99959232},
{"learn":[0.2915013301],"iteration":74,"passed_time":2.903198317,"remaining_time":35.80611258},
{"learn":[0.2911896722],"iteration":75,"passed_time":2.939507615,"remaining_time":35.73822416},
{"learn":[0.2910164815],"iteration":76,"passed_time":2.971570266,"remaining_time":35.62025137},
{"learn":[0.2907421967],"iteration":77,"passed_time":3.005566093,"remaining_time":35.52733254},
{"learn":[0.2905176792],"iteration":78,"passed_time":3.037654196,"remaining_time":35.41366474},
{"learn":[0.2902917806],"iteration":79,"passed_time":3.081434853,"remaining_time":35.43650081},
{"learn":[0.2901036404],"iteration":80,"passed_time":3.113832067,"remaining_time":35.32853913},
{"learn":[0.2898960028],"iteration":81,"passed_time":3.153756812,"remaining_time":35.30669211},
{"learn":[0.289675325],"iteration":82,"passed_time":3.27089049,"remaining_time":36.13742866},
{"learn":[0.2894669347],"iteration":83,"passed_time":3.329259112,"remaining_time":36.30477794},
{"learn":[0.2893868864],"iteration":84,"passed_time":3.349961061,"remaining_time":36.06134554},
{"learn":[0.2891573132],"iteration":85,"passed_time":3.373148056,"remaining_time":35.84950376},
{"learn":[0.2888282222],"iteration":86,"passed_time":3.401187888,"remaining_time":35.69292577},
{"learn":[0.2886461776],"iteration":87,"passed_time":3.428605472,"remaining_time":35.53282034},
{"learn":[0.2883372321],"iteration":88,"passed_time":3.454984011,"remaining_time":35.36506106},
{"learn":[0.2882317919],"iteration":89,"passed_time":3.510767263,"remaining_time":35.49775788},
{"learn":[0.2880442062],"iteration":90,"passed_time":3.539979736,"remaining_time":35.36089648},
{"learn":[0.2880151007],"iteration":91,"passed_time":3.551248137,"remaining_time":35.04927509},
{"learn":[0.2878687643],"iteration":92,"passed_time":3.58312801,"remaining_time":34.94513016},
{"learn":[0.2876308763],"iteration":93,"passed_time":3.61301347,"remaining_time":34.82330004},
{"learn":[0.2871888749],"iteration":94,"passed_time":3.638466056,"remaining_time":34.66117664},
{"learn":[0.2871137553],"iteration":95,"passed_time":3.666160833,"remaining_time":34.52301451},
{"learn":[0.2869799793],"iteration":96,"passed_time":3.698201159,"remaining_time":34.42758398},
{"learn":[0.2867566896],"iteration":97,"passed_time":3.725929993,"remaining_time":34.29376381},
{"learn":[0.2866078935],"iteration":98,"passed_time":3.753071042,"remaining_time":34.15673746},
{"learn":[0.2864491611],"iteration":99,"passed_time":3.788336592,"remaining_time":34.09502932},
{"learn":[0.2862925349],"iteration":100,"passed_time":3.815062191,"remaining_time":33.95783079},
{"learn":[0.2861878311],"iteration":101,"passed_time":3.835564466,"remaining_time":33.76800873},
{"learn":[0.2860267294],"iteration":102,"passed_time":3.862272687,"remaining_time":33.63552039},
{"learn":[0.2858570212],"iteration":103,"passed_time":3.888851892,"remaining_time":33.50395476},
{"learn":[0.285683061],"iteration":104,"passed_time":3.914961661,"remaining_time":33.37038749},
{"learn":[0.2854450737],"iteration":105,"passed_time":3.935708911,"remaining_time":33.19362044},
{"learn":[0.2853813355],"iteration":106,"passed_time":3.975050333,"remaining_time":33.17495278},
{"learn":[0.2852232029],"iteration":107,"passed_time":4.004879271,"remaining_time":33.0773362},
{"learn":[0.2850563411],"iteration":108,"passed_time":4.032124735,"remaining_time":32.95984531},
{"learn":[0.2848773947],"iteration":109,"passed_time":4.059830466,"remaining_time":32.84771923},
{"learn":[0.284616097],"iteration":110,"passed_time":4.088980666,"remaining_time":32.74868299},
{"learn":[0.2843838922],"iteration":111,"passed_time":4.113775843,"remaining_time":32.61636561},
{"learn":[0.2843056963],"iteration":112,"passed_time":4.135049254,"remaining_time":32.45830697},
{"learn":[0.2840773623],"iteration":113,"passed_time":4.161169596,"remaining_time":32.34031809},
{"learn":[0.2839748013],"iteration":114,"passed_time":4.186545341,"remaining_time":32.21819676},
{"learn":[0.2838482309],"iteration":115,"passed_time":4.209686574,"remaining_time":32.08071493},
{"learn":[0.2837198436],"iteration":116,"passed_time":4.232619555,"remaining_time":31.94361596},
{"learn":[0.2835374041],"iteration":117,"passed_time":4.259281896,"remaining_time":31.83632739},
{"learn":[0.283283041],"iteration":118,"passed_time":4.283886399,"remaining_time":31.71515897},
{"learn":[0.2831798077],"iteration":119,"passed_time":4.306397948,"remaining_time":31.58025162},
{"learn":[0.2829870501],"iteration":120,"passed_time":4.330283675,"remaining_time":31.45718471},
{"learn":[0.2828195073],"iteration":121,"passed_time":4.356881542,"remaining_time":31.35526225},
{"learn":[0.2826845056],"iteration":122,"passed_time":4.387350283,"remaining_time":31.28216421},
{"learn":[0.2824684958],"iteration":123,"passed_time":4.415598911,"remaining_time":31.19406972},
{"learn":[0.2823666418],"iteration":124,"passed_time":4.439863585,"remaining_time":31.07904509},
{"learn":[0.2822805019],"iteration":125,"passed_time":4.477362931,"remaining_time":31.0572635},
{"learn":[0.282168204],"iteration":126,"passed_time":4.507894564,"remaining_time":30.98733822},
{"learn":[0.281990039],"iteration":127,"passed_time":4.53387698,"remaining_time":30.88703693},
{"learn":[0.2819234754],"iteration":128,"passed_time":4.559397289,"remaining_time":30.78476775},
{"learn":[0.2818514615],"iteration":129,"passed_time":4.58244648,"remaining_time":30.66714183},
{"learn":[0.2816970385],"iteration":130,"passed_time":4.601575419,"remaining_time":30.5249545},
{"learn":[0.2815717427],"iteration":131,"passed_time":4.626317346,"remaining_time":30.42154134},
{"learn":[0.2813838693],"iteration":132,"passed_time":4.649474964,"remaining_time":30.30898341},
{"learn":[0.2810898297],"iteration":133,"passed_time":4.671668305,"remaining_time":30.191528},
{"learn":[0.2808667161],"iteration":134,"passed_time":4.694222788,"remaining_time":30.07779786},
{"learn":[0.2807060979],"iteration":135,"passed_time":4.721361122,"remaining_time":29.99452948},
{"learn":[0.2806231036],"iteration":136,"passed_time":4.747917081,"remaining_time":29.90841198},
{"learn":[0.2804874562],"iteration":137,"passed_time":4.775697811,"remaining_time":29.83080806},
{"learn":[0.2802928767],"iteration":138,"passed_time":4.795478364,"remaining_time":29.70436598},
{"learn":[0.2801148057],"iteration":139,"passed_time":4.832584671,"remaining_time":29.68587727},
{"learn":[0.279946396],"iteration":140,"passed_time":4.858548866,"remaining_time":29.59924451},
{"learn":[0.2798114283],"iteration":141,"passed_time":4.885292958,"remaining_time":29.51817857},
{"learn":[0.2797511574],"iteration":142,"passed_time":4.910767635,"remaining_time":29.43026478},
{"learn":[0.2795954273],"iteration":143,"passed_time":4.931868298,"remaining_time":29.3172171},
{"learn":[0.2793378814],"iteration":144,"passed_time":4.956724947,"remaining_time":29.22758503},
{"learn":[0.2791814794],"iteration":145,"passed_time":4.979921852,"remaining_time":29.12913193},
{"learn":[0.2790086343],"iteration":146,"passed_time":4.999717332,"remaining_time":29.0119652},
{"learn":[0.2788806581],"iteration":147,"passed_time":5.026726871,"remaining_time":28.93764388},
{"learn":[0.2786431767],"iteration":148,"passed_time":5.051328546,"remaining_time":28.85020532},
{"learn":[0.2785571208],"iteration":149,"passed_time":5.075663254,"remaining_time":28.76209177},
{"learn":[0.2785293737],"iteration":150,"passed_time":5.09620144,"remaining_time":28.65347697},
{"learn":[0.2783300537],"iteration":151,"passed_time":5.122338856,"remaining_time":28.57725888},
{"learn":[0.2780702328],"iteration":152,"passed_time":5.146334313,"remaining_time":28.48983767},
{"learn":[0.2779775686],"iteration":153,"passed_time":5.17162124,"remaining_time":28.41033486},
{"learn":[0.2778348567],"iteration":154,"passed_time":5.192667933,"remaining_time":28.30841551},
{"learn":[0.2777439548],"iteration":155,"passed_time":5.224315317,"remaining_time":28.26488543},
{"learn":[0.2774178599],"iteration":156,"passed_time":5.253682328,"remaining_time":28.20926244},
{"learn":[0.2773140117],"iteration":157,"passed_time":5.280264918,"remaining_time":28.1391333},
{"learn":[0.2770421914],"iteration":158,"passed_time":5.301063313,"remaining_time":28.03895752},
{"learn":[0.2768492032],"iteration":159,"passed_time":5.329642388,"remaining_time":27.98062254},
{"learn":[0.2767606973],"iteration":160,"passed_time":5.36003871,"remaining_time":27.93212719},
{"learn":[0.2765395637],"iteration":161,"passed_time":5.393330703,"remaining_time":27.89883413},
{"learn":[0.276470283],"iteration":162,"passed_time":5.428090072,"remaining_time":27.87307601},
{"learn":[0.2764114477],"iteration":163,"passed_time":5.466340536,"remaining_time":27.86500419},
{"learn":[0.2763349342],"iteration":164,"passed_time":5.496816029,"remaining_time":27.81722051},
{"learn":[0.2761943875],"iteration":165,"passed_time":5.527105546,"remaining_time":27.768711},
{"learn":[0.275957757],"iteration":166,"passed_time":5.555620045,"remaining_time":27.71156585},
{"learn":[0.275772548],"iteration":167,"passed_time":5.582861594,"remaining_time":27.64845742},
{"learn":[0.2756560479],"iteration":168,"passed_time":5.607992111,"remaining_time":27.57539316},
{"learn":[0.2754261458],"iteration":169,"passed_time":5.631642113,"remaining_time":27.49566443},
{"learn":[0.2753657351],"iteration":170,"passed_time":5.660556225,"remaining_time":27.44211176},
{"learn":[0.2752729376],"iteration":171,"passed_time":5.694192026,"remaining_time":27.41157557},
{"learn":[0.2750603076],"iteration":172,"passed_time":5.731275081,"remaining_time":27.39748261},
{"learn":[0.2749780744],"iteration":173,"passed_time":5.773128131,"remaining_time":27.40576917},
{"learn":[0.2748771422],"iteration":174,"passed_time":5.802225899,"remaining_time":27.35335067},
{"learn":[0.2747537985],"iteration":175,"passed_time":5.828495363,"remaining_time":27.28795556},
{"learn":[0.2746190678],"iteration":176,"passed_time":5.855295125,"remaining_time":27.2254683},
{"learn":[0.2744328792],"iteration":177,"passed_time":5.881784322,"remaining_time":27.16194782},
{"learn":[0.2742190633],"iteration":178,"passed_time":5.901577261,"remaining_time":27.06812811},
{"learn":[0.2740785636],"iteration":179,"passed_time":5.923198509,"remaining_time":26.98345988},
{"learn":[0.2740196317],"iteration":180,"passed_time":5.946975304,"remaining_time":26.90924185},
{"learn":[0.273870519],"iteration":181,"passed_time":5.969337583,"remaining_time":26.82922056},
{"learn":[0.2737652717],"iteration":182,"passed_time":5.991695551,"remaining_time":26.74981019},
{"learn":[0.2736482569],"iteration":183,"passed_time":6.015695118,"remaining_time":26.67830009},
{"learn":[0.2734986725],"iteration":184,"passed_time":6.040770654,"remaining_time":26.61204369},
{"learn":[0.2734048673],"iteration":185,"passed_time":6.064063887,"remaining_time":26.53843013},
{"learn":[0.2730796513],"iteration":186,"passed_time":6.089475136,"remaining_time":26.47456302},
{"learn":[0.2729800222],"iteration":187,"passed_time":6.116631306,"remaining_time":26.4186416},
{"learn":[0.2728410529],"iteration":188,"passed_time":6.142896489,"remaining_time":26.35920134},
{"learn":[0.272812944],"iteration":189,"passed_time":6.164703715,"remaining_time":26.28110531},
{"learn":[0.2726597653],"iteration":190,"passed_time":6.188769564,"remaining_time":26.21316533},
{"learn":[0.2724846071],"iteration":191,"passed_time":6.214471273,"remaining_time":26.15256661},
{"learn":[0.2723466505],"iteration":192,"passed_time":6.238341003,"remaining_time":26.08466938},
{"learn":[0.2722588522],"iteration":193,"passed_time":6.25935167,"remaining_time":26.00534766},
{"learn":[0.2719706018],"iteration":194,"passed_time":6.2852725,"remaining_time":25.94689417},
{"learn":[0.2718548178],"iteration":195,"passed_time":6.309179503,"remaining_time":25.88051184},
{"learn":[0.2717481825],"iteration":196,"passed_time":6.33265096,"remaining_time":25.81278538},
{"learn":[0.2716312235],"iteration":197,"passed_time":6.35542351,"remaining_time":25.74267502},
{"learn":[0.2714642458],"iteration":198,"passed_time":6.384628159,"remaining_time":25.69893043},
{"learn":[0.2713903654],"iteration":199,"passed_time":6.416412616,"remaining_time":25.66565046},
{"learn":[0.271283743],"iteration":200,"passed_time":6.441892607,"remaining_time":25.60732434},
{"learn":[0.2711704571],"iteration":201,"passed_time":6.466133415,"remaining_time":25.54442805},
{"learn":[0.2710509427],"iteration":202,"passed_time":6.489751021,"remaining_time":25.47946583},
{"learn":[0.2710252515],"iteration":203,"passed_time":6.516751954,"remaining_time":25.42811057},
{"learn":[0.2708408466],"iteration":204,"passed_time":6.541439385,"remaining_time":25.36802103},
{"learn":[0.2705969474],"iteration":205,"passed_time":6.563441181,"remaining_time":25.29792378},
{"learn":[0.2705580357],"iteration":206,"passed_time":6.587853014,"remaining_time":25.23752386},
{"learn":[0.2704872237],"iteration":207,"passed_time":6.615199434,"remaining_time":25.188644},
{"learn":[0.270377843],"iteration":208,"passed_time":6.641046699,"remaining_time":25.13429636},
{"learn":[0.2702516589],"iteration":209,"passed_time":6.6639374,"remaining_time":25.06909784},
{"learn":[0.2701414459],"iteration":210,"passed_time":6.688930353,"remaining_time":25.01216137},
{"learn":[0.2700537042],"iteration":211,"passed_time":6.717008878,"remaining_time":24.96699526},
{"learn":[0.2698739261],"iteration":212,"passed_time":6.746070102,"remaining_time":24.92562052},
{"learn":[0.2697793657],"iteration":213,"passed_time":6.777117326,"remaining_time":24.89165522},
{"learn":[0.2697430408],"iteration":214,"passed_time":6.806700884,"remaining_time":24.85237299},
{"learn":[0.2696632245],"iteration":215,"passed_time":6.831995513,"remaining_time":24.79761334},
{"learn":[0.2695732661],"iteration":216,"passed_time":6.855474529,"remaining_time":24.73657399},
{"learn":[0.2695247002],"iteration":217,"passed_time":6.879227927,"remaining_time":24.67686348},
{"learn":[0.2693951993],"iteration":218,"passed_time":6.90541621,"remaining_time":24.62616466},
{"learn":[0.2692938773],"iteration":219,"passed_time":6.930991712,"remaining_time":24.57351607},
{"learn":[0.2691698745],"iteration":220,"passed_time":6.952900685,"remaining_time":24.50818839},
{"learn":[0.2691523325],"iteration":221,"passed_time":6.978828139,"remaining_time":24.45733465},
{"learn":[0.2690622597],"iteration":222,"passed_time":7.000881527,"remaining_time":24.39320604},
{"learn":[0.2690456747],"iteration":223,"passed_time":7.023184246,"remaining_time":24.33031685},
{"learn":[0.2689762712],"iteration":224,"passed_time":7.048225323,"remaining_time":24.27722056},
{"learn":[0.2687762247],"iteration":225,"passed_time":7.07346226,"remaining_time":24.22504332},
{"learn":[0.2686376623],"iteration":226,"passed_time":7.096908965,"remaining_time":24.16700718},
{"learn":[0.2685448331],"iteration":227,"passed_time":7.120032913,"remaining_time":24.10818162},
{"learn":[0.2684651527],"iteration":228,"passed_time":7.148993221,"remaining_time":24.06931779},
{"learn":[0.2684024319],"iteration":229,"passed_time":7.17451453,"remaining_time":24.01902691},
{"learn":[0.2682563263],"iteration":230,"passed_time":7.198003267,"remaining_time":23.96218404},
{"learn":[0.2681879965],"iteration":231,"passed_time":7.22268609,"remaining_time":23.90958154},
{"learn":[0.2681267381],"iteration":232,"passed_time":7.248654802,"remaining_time":23.86145165},
{"learn":[0.267965696],"iteration":233,"passed_time":7.273348187,"remaining_time":23.80933637},
{"learn":[0.2679162272],"iteration":234,"passed_time":7.295433772,"remaining_time":23.74896526},
{"learn":[0.2677742315],"iteration":235,"passed_time":7.318833324,"remaining_time":23.69317228},
{"learn":[0.2676327688],"iteration":236,"passed_time":7.345160937,"remaining_time":23.6470793},
{"learn":[0.2675530953],"iteration":237,"passed_time":7.374985215,"remaining_time":23.61234762},
{"learn":[0.2673986451],"iteration":238,"passed_time":7.397601748,"remaining_time":23.55470682},
{"learn":[0.2672804793],"iteration":239,"passed_time":7.419960936,"remaining_time":23.49654296},
{"learn":[0.2671489475],"iteration":240,"passed_time":7.447325441,"remaining_time":23.45443987},
{"learn":[0.2670066593],"iteration":241,"passed_time":7.474169038,"remaining_time":23.41082699},
{"learn":[0.2668697907],"iteration":242,"passed_time":7.500089152,"remaining_time":23.36447526},
{"learn":[0.2667937053],"iteration":243,"passed_time":7.525012613,"remaining_time":23.31520301},
{"learn":[0.2667233423],"iteration":244,"passed_time":7.550813551,"remaining_time":23.2688336},
{"learn":[0.2666577085],"iteration":245,"passed_time":7.582864096,"remaining_time":23.2417867},
{"learn":[0.26660864],"iteration":246,"passed_time":7.614296836,"remaining_time":23.21281586},
{"learn":[0.2665777528],"iteration":247,"passed_time":7.644050794,"remaining_time":23.17873467},
{"learn":[0.2665111331],"iteration":248,"passed_time":7.67489861,"remaining_time":23.14798737},
{"learn":[0.26644871],"iteration":249,"passed_time":7.703910579,"remaining_time":23.11173174},
{"learn":[0.2664334423],"iteration":250,"passed_time":7.737033551,"remaining_time":23.08780131},
{"learn":[0.2663203893],"iteration":251,"passed_time":7.775629605,"remaining_time":23.08004343},
{"learn":[0.2662147708],"iteration":252,"passed_time":7.807024399,"remaining_time":23.05077955},
{"learn":[0.2660605532],"iteration":253,"passed_time":7.839605557,"remaining_time":23.02498325},
{"learn":[0.266023052],"iteration":254,"passed_time":7.874089648,"remaining_time":23.00469328},
{"learn":[0.265963787],"iteration":255,"passed_time":7.902554803,"remaining_time":22.9667999},
{"learn":[0.2658832008],"iteration":256,"passed_time":7.934809484,"remaining_time":22.93993559},
{"learn":[0.265849463],"iteration":257,"passed_time":7.964123938,"remaining_time":22.9045735},
{"learn":[0.2657367397],"iteration":258,"passed_time":7.994481053,"remaining_time":22.87224116},
{"learn":[0.2656696537],"iteration":259,"passed_time":8.029419779,"remaining_time":22.85296399},
{"learn":[0.2656000354],"iteration":260,"passed_time":8.079305283,"remaining_time":22.87588737},
{"learn":[0.2655225612],"iteration":261,"passed_time":8.134154358,"remaining_time":22.91223632},
{"learn":[0.2654843366],"iteration":262,"passed_time":8.196758207,"remaining_time":22.96962281},
{"learn":[0.2653909623],"iteration":263,"passed_time":8.247155447,"remaining_time":22.99206973},
{"learn":[0.2652901611],"iteration":264,"passed_time":8.288222134,"remaining_time":22.9880878},
{"learn":[0.2652112248],"iteration":265,"passed_time":8.320881197,"remaining_time":22.96062706},
{"learn":[0.2650216113],"iteration":266,"passed_time":8.360997234,"remaining_time":22.95359915},
{"learn":[0.2650109516],"iteration":267,"passed_time":8.398846373,"remaining_time":22.94013263},
{"learn":[0.2649764692],"iteration":268,"passed_time":8.429328492,"remaining_time":22.90646516},
{"learn":[0.264898807],"iteration":269,"passed_time":8.462607061,"remaining_time":22.88038205},
{"learn":[0.2648629969],"iteration":270,"passed_time":8.499285579,"remaining_time":22.86339183},
{"learn":[0.2648125302],"iteration":271,"passed_time":8.538555454,"remaining_time":22.85319254},
{"learn":[0.2646882331],"iteration":272,"passed_time":8.571302235,"remaining_time":22.82540925},
{"learn":[0.2646790188],"iteration":273,"passed_time":8.601300352,"remaining_time":22.79030677},
{"learn":[0.2646202019],"iteration":274,"passed_time":8.633000526,"remaining_time":22.75972866},
{"learn":[0.2643442408],"iteration":275,"passed_time":8.664595369,"remaining_time":22.72886611},
{"learn":[0.2642352715],"iteration":276,"passed_time":8.696876374,"remaining_time":22.69978924},
{"learn":[0.2642266696],"iteration":277,"passed_time":8.727060482,"remaining_time":22.66524341},
{"learn":[0.2641983164],"iteration":278,"passed_time":8.763833902,"remaining_time":22.64775715},
{"learn":[0.2641601934],"iteration":279,"passed_time":8.799052948,"remaining_time":22.62613615},
{"learn":[0.2641243585],"iteration":280,"passed_time":8.830716356,"remaining_time":22.5953205},
{"learn":[0.2640387025],"iteration":281,"passed_time":8.86283433,"remaining_time":22.5656562},
{"learn":[0.2639709448],"iteration":282,"passed_time":8.894876218,"remaining_time":22.5357818},
{"learn":[0.2638282927],"iteration":283,"passed_time":8.926388308,"remaining_time":22.50455644},
{"learn":[0.2637247413],"iteration":284,"passed_time":8.959764366,"remaining_time":22.47800534},
{"learn":[0.2636475139],"iteration":285,"passed_time":8.993002609,"remaining_time":22.45106246},
{"learn":[0.2636051059],"iteration":286,"passed_time":9.02486265,"remaining_time":22.42065181},
{"learn":[0.2634896943],"iteration":287,"passed_time":9.053664852,"remaining_time":22.38267144},
{"learn":[0.2632412645],"iteration":288,"passed_time":9.082281554,"remaining_time":22.34429822},
{"learn":[0.2631701891],"iteration":289,"passed_time":9.117499677,"remaining_time":22.32215438},
{"learn":[0.2630548783],"iteration":290,"passed_time":9.147385221,"remaining_time":22.28692825},
{"learn":[0.262960404],"iteration":291,"passed_time":9.17793874,"remaining_time":22.25335831},
{"learn":[0.2628375818],"iteration":292,"passed_time":9.211065015,"remaining_time":22.22601695},
{"learn":[0.2627853186],"iteration":293,"passed_time":9.243425021,"remaining_time":22.19679614},
{"learn":[0.2627791051],"iteration":294,"passed_time":9.279541743,"remaining_time":22.17653196},
{"learn":[0.2626945464],"iteration":295,"passed_time":9.311956296,"remaining_time":22.14735552},
{"learn":[0.2626456256],"iteration":296,"passed_time":9.341553688,"remaining_time":22.11148903},
{"learn":[0.2625770441],"iteration":297,"passed_time":9.375361292,"remaining_time":22.08558264},
{"learn":[0.2625527449],"iteration":298,"passed_time":9.406279994,"remaining_time":22.05285042},
{"learn":[0.2625121756],"iteration":299,"passed_time":9.44523112,"remaining_time":22.03887261},
{"learn":[0.2624846573],"iteration":300,"passed_time":9.475609578,"remaining_time":22.00482091},
{"learn":[0.2624101665],"iteration":301,"passed_time":9.511895928,"remaining_time":21.9844482},
{"learn":[0.2622885511],"iteration":302,"passed_time":9.545114017,"remaining_time":21.95691244},
{"learn":[0.262203088],"iteration":303,"passed_time":9.578900552,"remaining_time":21.93064074},
{"learn":[0.2621422425],"iteration":304,"passed_time":9.610016164,"remaining_time":21.89823355},
{"learn":[0.2621222519],"iteration":305,"passed_time":9.641160831,"remaining_time":21.86590071},
{"learn":[0.2618639283],"iteration":306,"passed_time":9.672999568,"remaining_time":21.83514235},
{"learn":[0.2617532785],"iteration":307,"passed_time":9.701749925,"remaining_time":21.79743814},
{"learn":[0.2617108676],"iteration":308,"passed_time":9.738161879,"remaining_time":21.77692511},
{"learn":[0.2616161936],"iteration":309,"passed_time":9.77494304,"remaining_time":21.75713128},
{"learn":[0.2616096033],"iteration":310,"passed_time":9.80465507,"remaining_time":21.72156702},
{"learn":[0.2614128818],"iteration":311,"passed_time":9.834238579,"remaining_time":21.68575687},
{"learn":[0.2612879319],"iteration":312,"passed_time":9.86495299,"remaining_time":21.6524687},
{"learn":[0.2611826934],"iteration":313,"passed_time":9.89842817,"remaining_time":21.62522842},
{"learn":[0.2609476564],"iteration":314,"passed_time":9.930825276,"remaining_time":21.59560417},
{"learn":[0.2608804041],"iteration":315,"passed_time":9.962985223,"remaining_time":21.56544903},
{"learn":[0.2607799289],"iteration":316,"passed_time":9.991896581,"remaining_time":21.52828191},
{"learn":[0.2607257025],"iteration":317,"passed_time":10.02637153,"remaining_time":21.50309869},
{"learn":[0.260685067],"iteration":318,"passed_time":10.05878341,"remaining_time":21.47345299},
{"learn":[0.2606830863],"iteration":319,"passed_time":10.09124126,"remaining_time":21.44388769},
{"learn":[0.2606179111],"iteration":320,"passed_time":10.11790907,"remaining_time":21.40205688},
{"learn":[0.2605771257],"iteration":321,"passed_time":10.14734533,"remaining_time":21.36614947},
{"learn":[0.2605249141],"iteration":322,"passed_time":10.18387552,"remaining_time":21.34515086},
{"learn":[0.2604828687],"iteration":323,"passed_time":10.21057441,"remaining_time":21.30354415},
{"learn":[0.2603844456],"iteration":324,"passed_time":10.24104941,"remaining_time":21.26987186},
{"learn":[0.2603690126],"iteration":325,"passed_time":10.27204662,"remaining_time":21.23729883},
{"learn":[0.2602895899],"iteration":326,"passed_time":10.30409272,"remaining_time":21.20689419},
{"learn":[0.2602153822],"iteration":327,"passed_time":10.33479956,"remaining_time":21.17373569},
{"learn":[0.260188551],"iteration":328,"passed_time":10.36902451,"remaining_time":21.14776732},
{"learn":[0.2601573038],"iteration":329,"passed_time":10.39939794,"remaining_time":21.11392916},
{"learn":[0.2601274429],"iteration":330,"passed_time":10.43534467,"remaining_time":21.0913764},
{"learn":[0.2600271624],"iteration":331,"passed_time":10.46586777,"remaining_time":21.05783033},
{"learn":[0.2598810294],"iteration":332,"passed_time":10.4986362,"remaining_time":21.02879984},
{"learn":[0.2598676045],"iteration":333,"passed_time":10.52942537,"remaining_time":20.9958003},
{"learn":[0.2597244451],"iteration":334,"passed_time":10.55897873,"remaining_time":20.96036076},
{"learn":[0.2596714807],"iteration":335,"passed_time":10.59174592,"remaining_time":20.93130742},
{"learn":[0.2595653533],"iteration":336,"passed_time":10.62105714,"remaining_time":20.89543289},
{"learn":[0.2593455773],"iteration":337,"passed_time":10.66354176,"remaining_time":20.88539836},
{"learn":[0.2592822987],"iteration":338,"passed_time":10.6935603,"remaining_time":20.85086535},
{"learn":[0.2591854513],"iteration":339,"passed_time":10.7262646,"remaining_time":20.82157246},
{"learn":[0.2591119111],"iteration":340,"passed_time":10.76205136,"remaining_time":20.79821655},
{"learn":[0.2590998204],"iteration":341,"passed_time":10.79784118,"remaining_time":20.77479384},
{"learn":[0.2590565687],"iteration":342,"passed_time":10.83403804,"remaining_time":20.75207869},
{"learn":[0.2590505301],"iteration":343,"passed_time":10.87531725,"remaining_time":20.73897708},
{"learn":[0.2590449109],"iteration":344,"passed_time":10.92882363,"remaining_time":20.74892603},
{"learn":[0.2590200564],"iteration":345,"passed_time":10.96979152,"remaining_time":20.73480824},
{"learn":[0.2589330012],"iteration":346,"passed_time":11.00980856,"remaining_time":20.71874637},
{"learn":[0.2588644425],"iteration":347,"passed_time":11.04499313,"remaining_time":20.69349287},
{"learn":[0.2588020991],"iteration":348,"passed_time":11.07577618,"remaining_time":20.65997218},
{"learn":[0.2587139305],"iteration":349,"passed_time":11.11183046,"remaining_time":20.63625656},
{"learn":[0.2585970367],"iteration":350,"passed_time":11.14140916,"remaining_time":20.60049727},
{"learn":[0.2585655799],"iteration":351,"passed_time":11.18432584,"remaining_time":20.58932711},
{"learn":[0.2585429147],"iteration":352,"passed_time":11.22015759,"remaining_time":20.56499138},
{"learn":[0.2584132917],"iteration":353,"passed_time":11.25115929,"remaining_time":20.53177655},
{"learn":[0.2583527937],"iteration":354,"passed_time":11.27971633,"remaining_time":20.49413248},
{"learn":[0.2583174852],"iteration":355,"passed_time":11.31373416,"remaining_time":20.46641797},
{"learn":[0.2582527889],"iteration":356,"passed_time":11.3456973,"remaining_time":20.4349674},
{"learn":[0.2581895454],"iteration":357,"passed_time":11.37916634,"remaining_time":20.4062145},
{"learn":[0.2581013197],"iteration":358,"passed_time":11.40954336,"remaining_time":20.37191447},
{"learn":[0.2579284938],"iteration":359,"passed_time":11.44591586,"remaining_time":20.34829486},
{"learn":[0.2577851692],"iteration":360,"passed_time":11.4788295,"remaining_time":20.31848213},
{"learn":[0.2577146489],"iteration":361,"passed_time":11.51181221,"remaining_time":20.28877401},
{"learn":[0.257669202],"iteration":362,"passed_time":11.54701458,"remaining_time":20.26294294},
{"learn":[0.2576022045],"iteration":363,"passed_time":11.58575168,"remaining_time":20.24323646},
{"learn":[0.2575109593],"iteration":364,"passed_time":11.62455055,"remaining_time":20.22353315},
{"learn":[0.2574691162],"iteration":365,"passed_time":11.65554921,"remaining_time":20.19021365},
{"learn":[0.2573993776],"iteration":366,"passed_time":11.69020529,"remaining_time":20.16321513},
{"learn":[0.2573476101],"iteration":367,"passed_time":11.72756351,"remaining_time":20.14081559},
{"learn":[0.2572470868],"iteration":368,"passed_time":11.76752127,"remaining_time":20.12278028},
{"learn":[0.257192991],"iteration":369,"passed_time":11.80245736,"remaining_time":20.09607605},
{"learn":[0.2571203163],"iteration":370,"passed_time":11.83384927,"remaining_time":20.06331858},
{"learn":[0.2569622841],"iteration":371,"passed_time":11.86958364,"remaining_time":20.03789927},
{"learn":[0.256858726],"iteration":372,"passed_time":11.90841683,"remaining_time":20.01763365},
{"learn":[0.2567229015],"iteration":373,"passed_time":11.95536124,"remaining_time":20.01084528},
{"learn":[0.2565701233],"iteration":374,"passed_time":12.00313512,"remaining_time":20.0052252},
{"learn":[0.2565485693],"iteration":375,"passed_time":12.06462867,"remaining_time":20.0221497},
{"learn":[0.256398953],"iteration":376,"passed_time":12.11058455,"remaining_time":20.0129819},
{"learn":[0.2563665726],"iteration":377,"passed_time":12.16149776,"remaining_time":20.01177674},
{"learn":[0.2562658164],"iteration":378,"passed_time":12.20851188,"remaining_time":20.00392051},
{"learn":[0.2562100735],"iteration":379,"passed_time":12.24107903,"remaining_time":19.97228684},
{"learn":[0.2560012089],"iteration":380,"passed_time":12.27709563,"remaining_time":19.94625249},
{"learn":[0.2559595783],"iteration":381,"passed_time":12.3098086,"remaining_time":19.91482124},
{"learn":[0.2558338117],"iteration":382,"passed_time":12.34470682,"remaining_time":19.88690368},
{"learn":[0.2557339357],"iteration":383,"passed_time":12.38373094,"remaining_time":19.86556839},
{"learn":[0.2556358413],"iteration":384,"passed_time":12.43378369,"remaining_time":19.86175837},
{"learn":[0.2556227465],"iteration":385,"passed_time":12.53291477,"remaining_time":19.93577635},
{"learn":[0.255597109],"iteration":386,"passed_time":12.61478345,"remaining_time":19.98155621},
{"learn":[0.2555217971],"iteration":387,"passed_time":12.68317153,"remaining_time":20.00541488},
{"learn":[0.2554777764],"iteration":388,"passed_time":12.74907757,"remaining_time":20.02490076},
{"learn":[0.2554222948],"iteration":389,"passed_time":12.79793278,"remaining_time":20.01727948},
{"learn":[0.2554088651],"iteration":390,"passed_time":12.83419442,"remaining_time":19.98983224},
{"learn":[0.2552832161],"iteration":391,"passed_time":12.86356884,"remaining_time":19.95165779},
{"learn":[0.2552129153],"iteration":392,"passed_time":12.89919196,"remaining_time":19.92317944},
{"learn":[0.2551586515],"iteration":393,"passed_time":12.93331835,"remaining_time":19.89236274},
{"learn":[0.25510679],"iteration":394,"passed_time":12.96265864,"remaining_time":19.85419868},
{"learn":[0.2550909899],"iteration":395,"passed_time":12.99705927,"remaining_time":19.82379747},
{"learn":[0.2550307851],"iteration":396,"passed_time":13.03743307,"remaining_time":19.80244871},
{"learn":[0.254926847],"iteration":397,"passed_time":13.09139054,"remaining_time":19.80155052},
{"learn":[0.2547160458],"iteration":398,"passed_time":13.12957204,"remaining_time":19.77662355},
{"learn":[0.2545996857],"iteration":399,"passed_time":13.16396696,"remaining_time":19.74595043},
{"learn":[0.2545780775],"iteration":400,"passed_time":13.19529684,"remaining_time":19.71068032},
{"learn":[0.2545137477],"iteration":401,"passed_time":13.22941225,"remaining_time":19.67957345},
{"learn":[0.2544436603],"iteration":402,"passed_time":13.2659084,"remaining_time":19.65197844},
{"learn":[0.2542795814],"iteration":403,"passed_time":13.29764469,"remaining_time":19.61731742},
{"learn":[0.254234484],"iteration":404,"passed_time":13.32949959,"remaining_time":19.58284507},
{"learn":[0.254161461],"iteration":405,"passed_time":13.37106413,"remaining_time":19.56259136},
{"learn":[0.254022288],"iteration":406,"passed_time":13.40091756,"remaining_time":19.52516981},
{"learn":[0.2539634655],"iteration":407,"passed_time":13.43312255,"remaining_time":19.49119743},
{"learn":[0.2539214535],"iteration":408,"passed_time":13.46865273,"remaining_time":19.46203855},
{"learn":[0.253890512],"iteration":409,"passed_time":13.49851145,"remaining_time":19.42468721},
{"learn":[0.2538146177],"iteration":410,"passed_time":13.53050354,"remaining_time":19.39042964},
{"learn":[0.2538104229],"iteration":411,"passed_time":13.57110499,"remaining_time":19.36847023},
{"learn":[0.2537201896],"iteration":412,"passed_time":13.60320421,"remaining_time":19.33433625},
{"learn":[0.253712553],"iteration":413,"passed_time":13.65052169,"remaining_time":19.32175293},
{"learn":[0.2536988122],"iteration":414,"passed_time":13.69327049,"remaining_time":19.30256201},
{"learn":[0.2535736451],"iteration":415,"passed_time":13.74012066,"remaining_time":19.28901554},
{"learn":[0.2535036876],"iteration":416,"passed_time":13.78659962,"remaining_time":19.27479035},
{"learn":[0.2534201022],"iteration":417,"passed_time":13.82469823,"remaining_time":19.24874251},
{"learn":[0.2534104834],"iteration":418,"passed_time":13.85732612,"remaining_time":19.21505125},
{"learn":[0.25335381],"iteration":419,"passed_time":13.89128627,"remaining_time":19.18320485},
{"learn":[0.2532681103],"iteration":420,"passed_time":13.92601104,"remaining_time":19.15239999},
{"learn":[0.2532249317],"iteration":421,"passed_time":13.96052493,"remaining_time":19.1212877},
{"learn":[0.2531714427],"iteration":422,"passed_time":13.99560894,"remaining_time":19.09093702},
{"learn":[0.2531130274],"iteration":423,"passed_time":14.02837794,"remaining_time":19.05741908},
{"learn":[0.2529663432],"iteration":424,"passed_time":14.05716149,"remaining_time":19.01851261},
{"learn":[0.2529355882],"iteration":425,"passed_time":14.09104161,"remaining_time":18.98652086},
{"learn":[0.252834813],"iteration":426,"passed_time":14.12592162,"remaining_time":18.95586203},
{"learn":[0.2527529028],"iteration":427,"passed_time":14.16041497,"remaining_time":18.92466673},
{"learn":[0.2526990115],"iteration":428,"passed_time":14.19756431,"remaining_time":18.8969912},
{"learn":[0.2526449298],"iteration":429,"passed_time":14.22875723,"remaining_time":18.86137586},
{"learn":[0.252636223],"iteration":430,"passed_time":14.26040986,"remaining_time":18.82638796},
{"learn":[0.2525660855],"iteration":431,"passed_time":14.28928221,"remaining_time":18.78775994},
{"learn":[0.2524026352],"iteration":432,"passed_time":14.32301498,"remaining_time":18.75554155},
{"learn":[0.252341249],"iteration":433,"passed_time":14.35387215,"remaining_time":18.71956599},
{"learn":[0.2522693428],"iteration":434,"passed_time":14.3870775,"remaining_time":18.68666387},
{"learn":[0.2521898309],"iteration":435,"passed_time":14.42010873,"remaining_time":18.65353514},
{"learn":[0.2521604703],"iteration":436,"passed_time":14.45139637,"remaining_time":18.61816055},
{"learn":[0.2520852536],"iteration":437,"passed_time":14.48265313,"remaining_time":18.58276497},
{"learn":[0.2520067854],"iteration":438,"passed_time":14.51531658,"remaining_time":18.54918589},
{"learn":[0.252002002],"iteration":439,"passed_time":14.54565638,"remaining_time":18.51265357},
{"learn":[0.2519385463],"iteration":440,"passed_time":14.5747314,"remaining_time":18.47454615},
{"learn":[0.2518203248],"iteration":441,"passed_time":14.60299759,"remaining_time":18.4354585},
{"learn":[0.2517977311],"iteration":442,"passed_time":14.63609373,"remaining_time":18.40249257},
{"learn":[0.2517668962],"iteration":443,"passed_time":14.67076622,"remaining_time":18.37150005},
{"learn":[0.25172727],"iteration":444,"passed_time":14.70108169,"remaining_time":18.33505694},
{"learn":[0.2517136211],"iteration":445,"passed_time":14.85962935,"remaining_time":18.45792525},
{"learn":[0.2516860145],"iteration":446,"passed_time":14.93492325,"remaining_time":18.47653816},
{"learn":[0.2516352426],"iteration":447,"passed_time":15.02402879,"remaining_time":18.51174976},
{"learn":[0.251589979],"iteration":448,"passed_time":15.0811141,"remaining_time":18.50711329},
{"learn":[0.2515253196],"iteration":449,"passed_time":15.11452924,"remaining_time":18.47331352},
{"learn":[0.2514687331],"iteration":450,"passed_time":15.14718793,"remaining_time":18.43859462},
{"learn":[0.2514473807],"iteration":451,"passed_time":15.18044641,"remaining_time":18.40461202},
{"learn":[0.2513852886],"iteration":452,"passed_time":15.21397683,"remaining_time":18.37096099},
{"learn":[0.2513533607],"iteration":453,"passed_time":15.24151528,"remaining_time":18.33010427},
{"learn":[0.2513219081],"iteration":454,"passed_time":15.3328493,"remaining_time":18.36572059},
{"learn":[0.2512000839],"iteration":455,"passed_time":15.49174332,"remaining_time":18.481378},
{"learn":[0.2511577894],"iteration":456,"passed_time":15.57403422,"remaining_time":18.50481528},
{"learn":[0.2510435707],"iteration":457,"passed_time":15.64217335,"remaining_time":18.51104357},
{"learn":[0.2509186603],"iteration":458,"passed_time":15.73884073,"remaining_time":18.55057263},
{"learn":[0.2508644065],"iteration":459,"passed_time":15.81942466,"remaining_time":18.57062895},
{"learn":[0.2507944376],"iteration":460,"passed_time":15.88564493,"remaining_time":18.5734547},
{"learn":[0.250771754],"iteration":461,"passed_time":15.94058338,"remaining_time":18.56284384},
{"learn":[0.2506217671],"iteration":462,"passed_time":16.00951997,"remaining_time":18.56827695},
{"learn":[0.2505762825],"iteration":463,"passed_time":16.08335665,"remaining_time":18.57904992},
{"learn":[0.2505549109],"iteration":464,"passed_time":16.13992126,"remaining_time":18.56958682},
{"learn":[0.2504937415],"iteration":465,"passed_time":16.17565529,"remaining_time":18.53605134},
{"learn":[0.2504297914],"iteration":466,"passed_time":16.20660638,"remaining_time":18.49704754},
{"learn":[0.2503330077],"iteration":467,"passed_time":16.23737325,"remaining_time":18.45786873},
{"learn":[0.2502976825],"iteration":468,"passed_time":16.26969705,"remaining_time":18.42048855},
{"learn":[0.2502279882],"iteration":469,"passed_time":16.30103135,"remaining_time":18.38201408},
{"learn":[0.2501659701],"iteration":470,"passed_time":16.34186112,"remaining_time":18.35423467},
{"learn":[0.2501434896],"iteration":471,"passed_time":16.38141042,"remaining_time":18.32496759},
{"learn":[0.2500467603],"iteration":472,"passed_time":16.42314945,"remaining_time":18.29809674},
{"learn":[0.2499586151],"iteration":473,"passed_time":16.45064373,"remaining_time":18.2553557},
{"learn":[0.2499543344],"iteration":474,"passed_time":16.47789008,"remaining_time":18.21240482},
{"learn":[0.2499071234],"iteration":475,"passed_time":16.50585044,"remaining_time":18.17030595},
{"learn":[0.2498327208],"iteration":476,"passed_time":16.53542192,"remaining_time":18.13003284},
{"learn":[0.2497827449],"iteration":477,"passed_time":16.56146069,"remaining_time":18.08594661},
{"learn":[0.2497186392],"iteration":478,"passed_time":16.58952421,"remaining_time":18.04413802},
{"learn":[0.2496699205],"iteration":479,"passed_time":16.62209804,"remaining_time":18.00727288},
{"learn":[0.2495856351],"iteration":480,"passed_time":16.65590008,"remaining_time":17.97175081},
{"learn":[0.2493892861],"iteration":481,"passed_time":16.68589983,"remaining_time":17.93214961},
{"learn":[0.2492699402],"iteration":482,"passed_time":16.71776998,"remaining_time":17.89459023},
{"learn":[0.2491829701],"iteration":483,"passed_time":16.74964111,"remaining_time":17.8570554},
{"learn":[0.2490935026],"iteration":484,"passed_time":16.78133617,"remaining_time":17.81935696},
{"learn":[0.2490594461],"iteration":485,"passed_time":16.81476844,"remaining_time":17.78352053},
{"learn":[0.2489115144],"iteration":486,"passed_time":16.85127384,"remaining_time":17.75093117},
{"learn":[0.2488215415],"iteration":487,"passed_time":16.88223125,"remaining_time":17.71250492},
{"learn":[0.2487384258],"iteration":488,"passed_time":16.91132179,"remaining_time":17.67215835},
{"learn":[0.2486611107],"iteration":489,"passed_time":16.9414441,"remaining_time":17.63293162},
{"learn":[0.2486481755],"iteration":490,"passed_time":16.9719106,"remaining_time":17.59409877},
{"learn":[0.248532774],"iteration":491,"passed_time":17.00267304,"remaining_time":17.5556055},
{"learn":[0.2484297103],"iteration":492,"passed_time":17.03226032,"remaining_time":17.51593505},
{"learn":[0.2484182843],"iteration":493,"passed_time":17.0644926,"remaining_time":17.47901469},
{"learn":[0.2484127639],"iteration":494,"passed_time":17.09330704,"remaining_time":17.43862637},
{"learn":[0.2483639564],"iteration":495,"passed_time":17.12365723,"remaining_time":17.39984525},
{"learn":[0.2482906347],"iteration":496,"passed_time":17.15360465,"remaining_time":17.36069042},
{"learn":[0.248171213],"iteration":497,"passed_time":17.18603237,"remaining_time":17.3240728},
{"learn":[0.2480778508],"iteration":498,"passed_time":17.21574866,"remaining_time":17.28474966},
{"learn":[0.2480734624],"iteration":499,"passed_time":17.24908533,"remaining_time":17.24908533},
{"learn":[0.2479672807],"iteration":500,"passed_time":17.28167662,"remaining_time":17.21268789},
{"learn":[0.247863159],"iteration":501,"passed_time":17.31250716,"remaining_time":17.1745589},
{"learn":[0.247751666],"iteration":502,"passed_time":17.34756895,"remaining_time":17.1406397},
{"learn":[0.247564124],"iteration":503,"passed_time":17.37990051,"remaining_time":17.10402907},
{"learn":[0.2474382505],"iteration":504,"passed_time":17.41538672,"remaining_time":17.07052757},
{"learn":[0.2474245312],"iteration":505,"passed_time":17.44705343,"remaining_time":17.03328932},
{"learn":[0.247405741],"iteration":506,"passed_time":17.48178741,"remaining_time":16.99905561},
{"learn":[0.2473605686],"iteration":507,"passed_time":17.51639803,"remaining_time":16.96470045},
{"learn":[0.2472711444],"iteration":508,"passed_time":17.54765531,"remaining_time":16.92710955},
{"learn":[0.2472043024],"iteration":509,"passed_time":17.57866277,"remaining_time":16.88930344},
{"learn":[0.2471303163],"iteration":510,"passed_time":17.6124253,"remaining_time":16.85416041},
{"learn":[0.2471181591],"iteration":511,"passed_time":17.64205269,"remaining_time":16.81508147},
{"learn":[0.247057126],"iteration":512,"passed_time":17.67362168,"remaining_time":16.77788257},
{"learn":[0.247037305],"iteration":513,"passed_time":17.71017117,"remaining_time":16.74541477},
{"learn":[0.2469494587],"iteration":514,"passed_time":17.74779566,"remaining_time":16.71394349},
{"learn":[0.2468966668],"iteration":515,"passed_time":17.77795223,"remaining_time":16.67544357},
{"learn":[0.2468276122],"iteration":516,"passed_time":17.81831128,"remaining_time":16.64650744},
{"learn":[0.2467074472],"iteration":517,"passed_time":17.8526857,"remaining_time":16.61195851},
{"learn":[0.2466869455],"iteration":518,"passed_time":17.89863361,"remaining_time":16.58813635},
{"learn":[0.2466784047],"iteration":519,"passed_time":17.93165299,"remaining_time":16.55229507},
{"learn":[0.246591217],"iteration":520,"passed_time":17.96265916,"remaining_time":16.5146137},
{"learn":[0.2465524544],"iteration":521,"passed_time":17.98915484,"remaining_time":16.47282761},
{"learn":[0.2464562287],"iteration":522,"passed_time":18.01977037,"remaining_time":16.43485748},
{"learn":[0.2463874366],"iteration":523,"passed_time":18.05201875,"remaining_time":16.39839871},
{"learn":[0.2463275745],"iteration":524,"passed_time":18.0840591,"remaining_time":16.36176775},
{"learn":[0.2463194059],"iteration":525,"passed_time":18.11599067,"remaining_time":16.32505623},
{"learn":[0.2462456604],"iteration":526,"passed_time":18.14797252,"remaining_time":16.28840798},
{"learn":[0.2462025181],"iteration":527,"passed_time":18.18036304,"remaining_time":16.25214271},
{"learn":[0.2461295598],"iteration":528,"passed_time":18.21200802,"remaining_time":16.21522831},
{"learn":[0.2460645486],"iteration":529,"passed_time":18.24513582,"remaining_time":16.17964874},
{"learn":[0.2459922141],"iteration":530,"passed_time":18.27548705,"remaining_time":16.14162604},
{"learn":[0.2459781263],"iteration":531,"passed_time":18.30855109,"remaining_time":16.10601863},
{"learn":[0.2459709343],"iteration":532,"passed_time":18.34466957,"remaining_time":16.07309698},
{"learn":[0.2459155953],"iteration":533,"passed_time":18.37447423,"remaining_time":16.03465355},
{"learn":[0.2458263535],"iteration":534,"passed_time":18.40543846,"remaining_time":15.99725025},
{"learn":[0.2457116955],"iteration":535,"passed_time":18.43935729,"remaining_time":15.9624287},
{"learn":[0.2456006796],"iteration":536,"passed_time":18.47177238,"remaining_time":15.92631399},
{"learn":[0.2455349227],"iteration":537,"passed_time":18.5025382,"remaining_time":15.88879674},
{"learn":[0.2455064085],"iteration":538,"passed_time":18.52945348,"remaining_time":15.84801123},
{"learn":[0.2454166405],"iteration":539,"passed_time":18.56108798,"remaining_time":15.81129717},
{"learn":[0.2453932336],"iteration":540,"passed_time":18.59264675,"remaining_time":15.77453763},
{"learn":[0.245347756],"iteration":541,"passed_time":18.64843898,"remaining_time":15.75827501},
{"learn":[0.2452667484],"iteration":542,"passed_time":18.71132167,"remaining_time":15.74783426},
{"learn":[0.2451632595],"iteration":543,"passed_time":18.78796251,"remaining_time":15.74873328},
{"learn":[0.2451186275],"iteration":544,"passed_time":18.92439156,"remaining_time":15.79926268},
{"learn":[0.245074852],"iteration":545,"passed_time":18.97663271,"remaining_time":15.77910485},
{"learn":[0.2449576728],"iteration":546,"passed_time":19.00681899,"remaining_time":15.7405649},
{"learn":[0.2448834459],"iteration":547,"passed_time":19.05300078,"remaining_time":15.71524882},
{"learn":[0.2448185717],"iteration":548,"passed_time":19.09045942,"remaining_time":15.68269071},
{"learn":[0.2448031507],"iteration":549,"passed_time":19.13079311,"remaining_time":15.65246709},
{"learn":[0.2447585816],"iteration":550,"passed_time":19.16660974,"remaining_time":15.6185259},
{"learn":[0.2447314406],"iteration":551,"passed_time":19.19825686,"remaining_time":15.58119397},
{"learn":[0.2446172648],"iteration":552,"passed_time":19.23094063,"remaining_time":15.54472055},
{"learn":[0.2446100934],"iteration":553,"passed_time":19.3162489,"remaining_time":15.55062637},
{"learn":[0.2445294983],"iteration":554,"passed_time":19.38085274,"remaining_time":15.53960265},
{"learn":[0.244518049],"iteration":555,"passed_time":19.432126,"remaining_time":15.5177409},
{"learn":[0.2443989178],"iteration":556,"passed_time":19.49294637,"remaining_time":15.50336668},
{"learn":[0.2443087051],"iteration":557,"passed_time":19.53413954,"remaining_time":15.47327899},
{"learn":[0.2442258062],"iteration":558,"passed_time":19.56622651,"remaining_time":15.43596761},
{"learn":[0.2440349445],"iteration":559,"passed_time":19.6029683,"remaining_time":15.40233224},
{"learn":[0.2439569703],"iteration":560,"passed_time":19.63981143,"remaining_time":15.36876509},
{"learn":[0.2438434099],"iteration":561,"passed_time":19.7521958,"remaining_time":15.39406007},
{"learn":[0.24383617],"iteration":562,"passed_time":19.84284266,"remaining_time":15.40199332},
{"learn":[0.2437264638],"iteration":563,"passed_time":19.88994305,"remaining_time":15.37591342},
{"learn":[0.2436550804],"iteration":564,"passed_time":19.92080941,"remaining_time":15.33726035},
{"learn":[0.2436244159],"iteration":565,"passed_time":19.95311471,"remaining_time":15.29973814},
{"learn":[0.2434373986],"iteration":566,"passed_time":19.99135976,"remaining_time":15.26677033},
{"learn":[0.2433905564],"iteration":567,"passed_time":20.02277052,"remaining_time":15.22858603},
{"learn":[0.2433213443],"iteration":568,"passed_time":20.0502398,"remaining_time":15.18743999},
{"learn":[0.2432508434],"iteration":569,"passed_time":20.08339658,"remaining_time":15.15063251},
{"learn":[0.2431726585],"iteration":570,"passed_time":20.11565053,"remaining_time":15.11315951},
{"learn":[0.2430916233],"iteration":571,"passed_time":20.14795812,"remaining_time":15.07574489},
{"learn":[0.243085146],"iteration":572,"passed_time":20.23181747,"remaining_time":15.0767645},
{"learn":[0.243079674],"iteration":573,"passed_time":20.30219961,"remaining_time":15.06748612},
{"learn":[0.2430734215],"iteration":574,"passed_time":20.33166093,"remaining_time":15.02774938},
{"learn":[0.2430482748],"iteration":575,"passed_time":20.36291154,"remaining_time":14.98936544},
{"learn":[0.2430437884],"iteration":576,"passed_time":20.39153585,"remaining_time":14.94908088},
{"learn":[0.2429560612],"iteration":577,"passed_time":20.42275609,"remaining_time":14.91073196},
{"learn":[0.2429205204],"iteration":578,"passed_time":20.45957501,"remaining_time":14.87647855},
{"learn":[0.2429144611],"iteration":579,"passed_time":20.50121707,"remaining_time":14.84570891},
{"learn":[0.2428936675],"iteration":580,"passed_time":20.53534506,"remaining_time":14.80948293},
{"learn":[0.2427169634],"iteration":581,"passed_time":20.57347747,"remaining_time":14.77614018},
{"learn":[0.2427082027],"iteration":582,"passed_time":20.62126842,"remaining_time":14.74968942},
{"learn":[0.2426557741],"iteration":583,"passed_time":20.67033931,"remaining_time":14.72407732},
{"learn":[0.2426051581],"iteration":584,"passed_time":20.72226111,"remaining_time":14.70040745},
{"learn":[0.2424880612],"iteration":585,"passed_time":20.7639562,"remaining_time":14.66941615},
{"learn":[0.2424011588],"iteration":586,"passed_time":20.79740101,"remaining_time":14.63258368},
{"learn":[0.2423692657],"iteration":587,"passed_time":20.82949636,"remaining_time":14.59481718},
{"learn":[0.242298513],"iteration":588,"passed_time":20.86316082,"remaining_time":14.55816485},
{"learn":[0.2422299894],"iteration":589,"passed_time":20.89514465,"remaining_time":14.52035475},
{"learn":[0.242085339],"iteration":590,"passed_time":20.92393311,"remaining_time":14.48035303},
{"learn":[0.2420778719],"iteration":591,"passed_time":20.95551634,"remaining_time":14.44231532},
{"learn":[0.2420725243],"iteration":592,"passed_time":20.98628896,"remaining_time":14.40374301},
{"learn":[0.2419641865],"iteration":593,"passed_time":21.01985073,"remaining_time":14.36710336},
{"learn":[0.2419068032],"iteration":594,"passed_time":21.04840278,"remaining_time":14.32706408},
{"learn":[0.2418108369],"iteration":595,"passed_time":21.07793448,"remaining_time":14.2877274},
{"learn":[0.2417554488],"iteration":596,"passed_time":21.25423599,"remaining_time":14.34749933},
{"learn":[0.2415854771],"iteration":597,"passed_time":21.39001781,"remaining_time":14.37924274},
{"learn":[0.2415202211],"iteration":598,"passed_time":21.46276871,"remaining_time":14.36823081},
{"learn":[0.2414515334],"iteration":599,"passed_time":21.49571286,"remaining_time":14.33047524},
{"learn":[0.2413665553],"iteration":600,"passed_time":21.53143786,"remaining_time":14.29458187},
{"learn":[0.2413329009],"iteration":601,"passed_time":21.56217536,"remaining_time":14.25539168},
{"learn":[0.2413000561],"iteration":602,"passed_time":21.59541376,"remaining_time":14.21787606},
{"learn":[0.2412695866],"iteration":603,"passed_time":21.62824633,"remaining_time":14.18010852},
{"learn":[0.2412219485],"iteration":604,"passed_time":21.67011011,"remaining_time":14.14825371},
{"learn":[0.2411680505],"iteration":605,"passed_time":21.7165121,"remaining_time":14.11931645},
{"learn":[0.2411209682],"iteration":606,"passed_time":21.76858792,"remaining_time":14.09399514},
{"learn":[0.2411136329],"iteration":607,"passed_time":21.8201404,"remaining_time":14.06824841},
{"learn":[0.2410701275],"iteration":608,"passed_time":21.88434619,"remaining_time":14.05054082},
{"learn":[0.2410129417],"iteration":609,"passed_time":21.9275363,"remaining_time":14.01924452},
{"learn":[0.2409891474],"iteration":610,"passed_time":21.97680418,"remaining_time":13.99177877},
{"learn":[0.2408877965],"iteration":611,"passed_time":22.01678016,"remaining_time":13.95835082},
{"learn":[0.2408450564],"iteration":612,"passed_time":22.04761525,"remaining_time":13.91913067},
{"learn":[0.2408116492],"iteration":613,"passed_time":22.07786691,"remaining_time":13.87957105},
{"learn":[0.2407606819],"iteration":614,"passed_time":22.10866741,"remaining_time":13.84038529},
{"learn":[0.2407023707],"iteration":615,"passed_time":22.14035754,"remaining_time":13.80178132},
{"learn":[0.2406700689],"iteration":616,"passed_time":22.17597378,"remaining_time":13.76563688},
{"learn":[0.2405869781],"iteration":617,"passed_time":22.20851849,"remaining_time":13.72759557},
{"learn":[0.2405457047],"iteration":618,"passed_time":22.2466347,"remaining_time":13.69300133},
{"learn":[0.2405071504],"iteration":619,"passed_time":22.33505978,"remaining_time":13.68923019},
{"learn":[0.2404795929],"iteration":620,"passed_time":22.39000225,"remaining_time":13.66475178},
{"learn":[0.2404184029],"iteration":621,"passed_time":22.4299712,"remaining_time":13.63107575},
{"learn":[0.2403477838],"iteration":622,"passed_time":22.48013523,"remaining_time":13.60354893},
{"learn":[0.2403045146],"iteration":623,"passed_time":22.52348187,"remaining_time":13.57184164},
{"learn":[0.2402657073],"iteration":624,"passed_time":22.56494632,"remaining_time":13.53896779},
{"learn":[0.2402068295],"iteration":625,"passed_time":22.62327394,"remaining_time":13.5161413},
{"learn":[0.240114828],"iteration":626,"passed_time":22.66369761,"remaining_time":13.48255057},
{"learn":[0.240063842],"iteration":627,"passed_time":22.71429463,"remaining_time":13.45496434},
{"learn":[0.2400256117],"iteration":628,"passed_time":22.77658119,"remaining_time":13.43419972},
{"learn":[0.240005707],"iteration":629,"passed_time":22.82684506,"remaining_time":13.40624233},
{"learn":[0.2400027943],"iteration":630,"passed_time":22.86296853,"remaining_time":13.36994514},
{"learn":[0.2399399377],"iteration":631,"passed_time":22.90043229,"remaining_time":13.33442893},
{"learn":[0.2398940514],"iteration":632,"passed_time":22.93196863,"remaining_time":13.29546996},
{"learn":[0.2398548816],"iteration":633,"passed_time":22.96291234,"remaining_time":13.25619229},
{"learn":[0.2397776466],"iteration":634,"passed_time":22.99431584,"remaining_time":13.21720517},
{"learn":[0.2397084986],"iteration":635,"passed_time":23.02455283,"remaining_time":13.17757426},
{"learn":[0.2396422518],"iteration":636,"passed_time":23.05501698,"remaining_time":13.1381023},
{"learn":[0.2394973285],"iteration":637,"passed_time":23.09034919,"remaining_time":13.1014207},
{"learn":[0.2394925217],"iteration":638,"passed_time":23.12572152,"remaining_time":13.06476599},
{"learn":[0.2394881626],"iteration":639,"passed_time":23.15800176,"remaining_time":13.02637599},
{"learn":[0.2394247635],"iteration":640,"passed_time":23.19152821,"remaining_time":12.988703},
{"learn":[0.2394098009],"iteration":641,"passed_time":23.22664862,"remaining_time":12.95193179},
{"learn":[0.2393684692],"iteration":642,"passed_time":23.2580377,"remaining_time":12.91309402},
{"learn":[0.2393177485],"iteration":643,"passed_time":23.28813218,"remaining_time":12.87356375},
{"learn":[0.239292901],"iteration":644,"passed_time":23.32367764,"remaining_time":12.83706289},
{"learn":[0.2392798844],"iteration":645,"passed_time":23.35761112,"remaining_time":12.79968164},
{"learn":[0.2392746014],"iteration":646,"passed_time":23.38832466,"remaining_time":12.76055426},
{"learn":[0.2392100649],"iteration":647,"passed_time":23.42217637,"remaining_time":12.72315753},
{"learn":[0.2392042419],"iteration":648,"passed_time":23.45186798,"remaining_time":12.68352182},
{"learn":[0.2391696286],"iteration":649,"passed_time":23.48054412,"remaining_time":12.64336991},
{"learn":[0.2390653559],"iteration":650,"passed_time":23.51300357,"remaining_time":12.60528148},
{"learn":[0.2390085819],"iteration":651,"passed_time":23.54830392,"remaining_time":12.56872663},
{"learn":[0.2389782038],"iteration":652,"passed_time":23.58234837,"remaining_time":12.53150825},
{"learn":[0.2387976913],"iteration":653,"passed_time":23.61643364,"remaining_time":12.49432116},
{"learn":[0.2387895938],"iteration":654,"passed_time":23.64945572,"remaining_time":12.45658354},
{"learn":[0.2387579706],"iteration":655,"passed_time":23.67968387,"remaining_time":12.4173952},
{"learn":[0.2386091032],"iteration":656,"passed_time":23.71270986,"remaining_time":12.3796948},
{"learn":[0.2386057177],"iteration":657,"passed_time":23.74905,"remaining_time":12.34373116},
{"learn":[0.2385194439],"iteration":658,"passed_time":23.78016246,"remaining_time":12.3050613},
{"learn":[0.2384599949],"iteration":659,"passed_time":23.81190692,"remaining_time":12.26673993},
{"learn":[0.2383893384],"iteration":660,"passed_time":23.84300836,"remaining_time":12.22810868},
{"learn":[0.2383094955],"iteration":661,"passed_time":23.87384608,"remaining_time":12.18936552},
{"learn":[0.2382094896],"iteration":662,"passed_time":23.90195852,"remaining_time":12.14926097},
{"learn":[0.2381744517],"iteration":663,"passed_time":23.93097305,"remaining_time":12.10964901},
{"learn":[0.2381304034],"iteration":664,"passed_time":23.96267771,"remaining_time":12.07142411},
{"learn":[0.2381134493],"iteration":665,"passed_time":24.0060609,"remaining_time":12.03907559},
{"learn":[0.2379596188],"iteration":666,"passed_time":24.16893631,"remaining_time":12.06635051},
{"learn":[0.2379438566],"iteration":667,"passed_time":24.21078711,"remaining_time":12.03290617},
{"learn":[0.2378608486],"iteration":668,"passed_time":24.24191619,"remaining_time":11.99413193},
{"learn":[0.237814683],"iteration":669,"passed_time":24.27991942,"remaining_time":11.95876628},
{"learn":[0.2377986925],"iteration":670,"passed_time":24.31171481,"remaining_time":11.92034899},
{"learn":[0.2377309269],"iteration":671,"passed_time":24.34336399,"remaining_time":11.88188004},
{"learn":[0.2376970774],"iteration":672,"passed_time":24.37876224,"remaining_time":11.84525298},
{"learn":[0.2376801446],"iteration":673,"passed_time":24.41178935,"remaining_time":11.80748268},
{"learn":[0.2375901107],"iteration":674,"passed_time":24.45098161,"remaining_time":11.77269485},
{"learn":[0.2375509745],"iteration":675,"passed_time":24.48412707,"remaining_time":11.73499581},
{"learn":[0.2374868711],"iteration":676,"passed_time":24.51705295,"remaining_time":11.69720547},
{"learn":[0.2374758096],"iteration":677,"passed_time":24.54838987,"remaining_time":11.65867484},
{"learn":[0.2374497274],"iteration":678,"passed_time":24.59995641,"remaining_time":11.62972903},
{"learn":[0.2373801204],"iteration":679,"passed_time":24.65847934,"remaining_time":11.60399028},
{"learn":[0.2373523805],"iteration":680,"passed_time":24.70661553,"remaining_time":11.5732898},
{"learn":[0.2373172774],"iteration":681,"passed_time":24.7449879,"remaining_time":11.53798556},
{"learn":[0.2371830268],"iteration":682,"passed_time":24.77545403,"remaining_time":11.49900282},
{"learn":[0.2371361992],"iteration":683,"passed_time":24.80734506,"remaining_time":11.46070327},
{"learn":[0.237096646],"iteration":684,"passed_time":24.84114537,"remaining_time":11.42330043},
{"learn":[0.2370025555],"iteration":685,"passed_time":24.88253481,"remaining_time":11.38938182},
{"learn":[0.2369543421],"iteration":686,"passed_time":24.92350792,"remaining_time":11.35525179},
{"learn":[0.2368911757],"iteration":687,"passed_time":24.95422595,"remaining_time":11.31645131},
{"learn":[0.2368698016],"iteration":688,"passed_time":24.98627627,"remaining_time":11.27827564},
{"learn":[0.2368296722],"iteration":689,"passed_time":25.0177385,"remaining_time":11.23985353},
{"learn":[0.2367722926],"iteration":690,"passed_time":25.05208349,"remaining_time":11.20274066},
{"learn":[0.2366796979],"iteration":691,"passed_time":25.08691194,"remaining_time":11.16585098},
{"learn":[0.2366613206],"iteration":692,"passed_time":25.12093801,"remaining_time":11.12861179},
{"learn":[0.2366191165],"iteration":693,"passed_time":25.15451419,"remaining_time":11.09118349},
{"learn":[0.2366118032],"iteration":694,"passed_time":25.18778868,"remaining_time":11.05363388},
{"learn":[0.2365883195],"iteration":695,"passed_time":25.22065615,"remaining_time":11.01591878},
{"learn":[0.2365098839],"iteration":696,"passed_time":25.25160646,"remaining_time":10.97738415},
{"learn":[0.2365017503],"iteration":697,"passed_time":25.2829772,"remaining_time":10.93905317},
{"learn":[0.2363936261],"iteration":698,"passed_time":25.31986571,"remaining_time":10.90311814},
{"learn":[0.2363793238],"iteration":699,"passed_time":25.35092782,"remaining_time":10.86468335},
{"learn":[0.2363142549],"iteration":700,"passed_time":25.38321606,"remaining_time":10.82679259},
{"learn":[0.2362344897],"iteration":701,"passed_time":25.4141174,"remaining_time":10.78832904},
{"learn":[0.2361946992],"iteration":702,"passed_time":25.44550638,"remaining_time":10.75009302},
{"learn":[0.2360720128],"iteration":703,"passed_time":25.47565727,"remaining_time":10.7113559},
{"learn":[0.2360193292],"iteration":704,"passed_time":25.50524146,"remaining_time":10.672406},
{"learn":[0.2359706696],"iteration":705,"passed_time":25.54628384,"remaining_time":10.63825418},
{"learn":[0.235881839],"iteration":706,"passed_time":25.57773944,"remaining_time":10.60010984},
{"learn":[0.2358603319],"iteration":707,"passed_time":25.60795753,"remaining_time":10.56147401},
{"learn":[0.2357616517],"iteration":708,"passed_time":25.63914566,"remaining_time":10.52326007},
{"learn":[0.2356546415],"iteration":709,"passed_time":25.67213221,"remaining_time":10.48580048},
{"learn":[0.2355225187],"iteration":710,"passed_time":25.70762952,"remaining_time":10.44937403},
{"learn":[0.2355148061],"iteration":711,"passed_time":25.74649122,"remaining_time":10.41431105},
{"learn":[0.2354702384],"iteration":712,"passed_time":25.78071482,"remaining_time":10.37737048},
{"learn":[0.2354504242],"iteration":713,"passed_time":25.81258035,"remaining_time":10.33949297},
{"learn":[0.2354202923],"iteration":714,"passed_time":25.84655962,"remaining_time":10.30247481},
{"learn":[0.2353586619],"iteration":715,"passed_time":25.87967827,"remaining_time":10.26512378},
{"learn":[0.235196686],"iteration":716,"passed_time":25.90990491,"remaining_time":10.22664308},
{"learn":[0.2351487608],"iteration":717,"passed_time":25.94008582,"remaining_time":10.18816741},
{"learn":[0.2350533609],"iteration":718,"passed_time":25.97116217,"remaining_time":10.15006477},
{"learn":[0.2349824475],"iteration":719,"passed_time":26.00561694,"remaining_time":10.11329548},
{"learn":[0.2349242909],"iteration":720,"passed_time":26.0391034,"remaining_time":10.07615791},
{"learn":[0.2349052205],"iteration":721,"passed_time":26.07088581,"remaining_time":10.03837431},
{"learn":[0.2348458263],"iteration":722,"passed_time":26.09975548,"remaining_time":9.999491381},
{"learn":[0.2347903581],"iteration":723,"passed_time":26.13284218,"remaining_time":9.962243705},
{"learn":[0.2347118679],"iteration":724,"passed_time":26.15897395,"remaining_time":9.922369428},
{"learn":[0.2346902227],"iteration":725,"passed_time":26.19060679,"remaining_time":9.884609176},
{"learn":[0.2346146928],"iteration":726,"passed_time":26.22228063,"remaining_time":9.846881173},
{"learn":[0.2345856468],"iteration":727,"passed_time":26.25273861,"remaining_time":9.808715526},
{"learn":[0.2345596212],"iteration":728,"passed_time":26.28813754,"remaining_time":9.772407782},
{"learn":[0.2345011235],"iteration":729,"passed_time":26.32032336,"remaining_time":9.73491412},
{"learn":[0.2343747078],"iteration":730,"passed_time":26.3547647,"remaining_time":9.698264985},
{"learn":[0.2342941223],"iteration":731,"passed_time":26.39061244,"remaining_time":9.662136795},
{"learn":[0.2341806578],"iteration":732,"passed_time":26.4236351,"remaining_time":9.624980316},
{"learn":[0.2340754635],"iteration":733,"passed_time":26.45778019,"remaining_time":9.588241868},
{"learn":[0.2340149442],"iteration":734,"passed_time":26.4892998,"remaining_time":9.550563873},
{"learn":[0.2339388013],"iteration":735,"passed_time":26.51709252,"remaining_time":9.511565797},
{"learn":[0.2339042462],"iteration":736,"passed_time":26.5476673,"remaining_time":9.473590908},
{"learn":[0.2337227839],"iteration":737,"passed_time":26.58081337,"remaining_time":9.436548921},
{"learn":[0.2336647338],"iteration":738,"passed_time":26.60950393,"remaining_time":9.397943879},
{"learn":[0.2335806179],"iteration":739,"passed_time":26.63898061,"remaining_time":9.359641835},
{"learn":[0.2335087764],"iteration":740,"passed_time":26.67371083,"remaining_time":9.323199871},
{"learn":[0.233430513],"iteration":741,"passed_time":26.7100264,"remaining_time":9.287313762},
{"learn":[0.2334293287],"iteration":742,"passed_time":26.74689247,"remaining_time":9.25161691},
{"learn":[0.2334185884],"iteration":743,"passed_time":26.78215235,"remaining_time":9.215364249},
{"learn":[0.2333481765],"iteration":744,"passed_time":26.81804486,"remaining_time":9.179330792},
{"learn":[0.2332004435],"iteration":745,"passed_time":26.84841155,"remaining_time":9.141416265},
{"learn":[0.2331935821],"iteration":746,"passed_time":26.88112196,"remaining_time":9.104315739},
{"learn":[0.2331392893],"iteration":747,"passed_time":26.91357197,"remaining_time":9.067139219},
{"learn":[0.2331331346],"iteration":748,"passed_time":26.94277781,"remaining_time":9.028888159},
{"learn":[0.2331094013],"iteration":749,"passed_time":26.9729559,"remaining_time":8.990985299},
{"learn":[0.2330359241],"iteration":750,"passed_time":27.00582291,"remaining_time":8.953994546},
{"learn":[0.2329413255],"iteration":751,"passed_time":27.03804886,"remaining_time":8.916803348},
{"learn":[0.2329248064],"iteration":752,"passed_time":27.06691776,"remaining_time":8.878524152},
{"learn":[0.2328688431],"iteration":753,"passed_time":27.0998313,"remaining_time":8.841589521},
{"learn":[0.2327897602],"iteration":754,"passed_time":27.13242311,"remaining_time":8.804561143},
{"learn":[0.2326941257],"iteration":755,"passed_time":27.16223779,"remaining_time":8.766648175},
{"learn":[0.2325996121],"iteration":756,"passed_time":27.19408742,"remaining_time":8.729409833},
{"learn":[0.2325187339],"iteration":757,"passed_time":27.23190716,"remaining_time":8.694091733},
{"learn":[0.2324948694],"iteration":758,"passed_time":27.26790387,"remaining_time":8.658188186},
{"learn":[0.232353997],"iteration":759,"passed_time":27.3045023,"remaining_time":8.622474411},
{"learn":[0.2322894595],"iteration":760,"passed_time":27.34688356,"remaining_time":8.58857447},
{"learn":[0.2322298787],"iteration":761,"passed_time":27.37961427,"remaining_time":8.551638054},
{"learn":[0.2321591914],"iteration":762,"passed_time":27.41036463,"remaining_time":8.514097532},
{"learn":[0.2320867471],"iteration":763,"passed_time":27.44337591,"remaining_time":8.477273186},
{"learn":[0.2319864389],"iteration":764,"passed_time":27.47509224,"remaining_time":8.440061016},
{"learn":[0.2319319428],"iteration":765,"passed_time":27.50964341,"remaining_time":8.403729187},
{"learn":[0.2318344082],"iteration":766,"passed_time":27.54461439,"remaining_time":8.367529534},
{"learn":[0.2317737651],"iteration":767,"passed_time":27.57906042,"remaining_time":8.331174503},
{"learn":[0.2317280381],"iteration":768,"passed_time":27.60998791,"remaining_time":8.293767499},
{"learn":[0.2316342477],"iteration":769,"passed_time":27.64402083,"remaining_time":8.257304923},
{"learn":[0.2315045629],"iteration":770,"passed_time":27.67699164,"remaining_time":8.220533185},
{"learn":[0.2314757251],"iteration":771,"passed_time":27.72020256,"remaining_time":8.186795574},
{"learn":[0.2314354199],"iteration":772,"passed_time":27.75929303,"remaining_time":8.151823438},
{"learn":[0.2314202038],"iteration":773,"passed_time":27.80274269,"remaining_time":8.118113498},
{"learn":[0.231327803],"iteration":774,"passed_time":27.83213756,"remaining_time":8.080298003},
{"learn":[0.2313107917],"iteration":775,"passed_time":27.86330163,"remaining_time":8.043014904},
{"learn":[0.2312364511],"iteration":776,"passed_time":27.8910148,"remaining_time":8.004757144},
{"learn":[0.231232873],"iteration":777,"passed_time":27.92050752,"remaining_time":7.96703428},
{"learn":[0.2311120646],"iteration":778,"passed_time":27.95284139,"remaining_time":7.930138572},
{"learn":[0.2309615058],"iteration":779,"passed_time":27.98622234,"remaining_time":7.893549891},
{"learn":[0.2309234883],"iteration":780,"passed_time":28.01443244,"remaining_time":7.855519468},
{"learn":[0.2308617555],"iteration":781,"passed_time":28.0459636,"remaining_time":7.818439979},
{"learn":[0.2308389735],"iteration":782,"passed_time":28.07647616,"remaining_time":7.78109237},
{"learn":[0.2307185505],"iteration":783,"passed_time":28.10733421,"remaining_time":7.743857386},
{"learn":[0.2306745468],"iteration":784,"passed_time":28.14006169,"remaining_time":7.707150653},
{"learn":[0.2306459049],"iteration":785,"passed_time":28.17354175,"remaining_time":7.67065895},
{"learn":[0.2305057278],"iteration":786,"passed_time":28.20531446,"remaining_time":7.633712807},
{"learn":[0.2304622914],"iteration":787,"passed_time":28.23611703,"remaining_time":7.596518794},
{"learn":[0.2304114709],"iteration":788,"passed_time":28.26883258,"remaining_time":7.559852565},
{"learn":[0.230335896],"iteration":789,"passed_time":28.30320682,"remaining_time":7.523637257},
{"learn":[0.2303188525],"iteration":790,"passed_time":28.33796068,"remaining_time":7.487526904},
{"learn":[0.230210175],"iteration":791,"passed_time":28.37096316,"remaining_time":7.450960021},
{"learn":[0.2301046604],"iteration":792,"passed_time":28.40451548,"remaining_time":7.414545655},
{"learn":[0.229996035],"iteration":793,"passed_time":28.4373185,"remaining_time":7.377944095},
{"learn":[0.2299219401],"iteration":794,"passed_time":28.47056577,"remaining_time":7.341466644},
{"learn":[0.229835749],"iteration":795,"passed_time":28.50046015,"remaining_time":7.30413803},
{"learn":[0.2298002765],"iteration":796,"passed_time":28.52850809,"remaining_time":7.266357768},
{"learn":[0.2297413281],"iteration":797,"passed_time":28.55879388,"remaining_time":7.229168376},
{"learn":[0.2295786611],"iteration":798,"passed_time":28.59222329,"remaining_time":7.192787085},
{"learn":[0.2295706326],"iteration":799,"passed_time":28.61975672,"remaining_time":7.154939181},
{"learn":[0.2295066139],"iteration":800,"passed_time":28.64828155,"remaining_time":7.117363331},
{"learn":[0.2294479566],"iteration":801,"passed_time":28.68348378,"remaining_time":7.081458589},
{"learn":[0.2294119934],"iteration":802,"passed_time":28.72340386,"remaining_time":7.046713027},
{"learn":[0.2293875337],"iteration":803,"passed_time":28.76305555,"remaining_time":7.011889164},
{"learn":[0.2293372348],"iteration":804,"passed_time":28.79718131,"remaining_time":6.975714726},
{"learn":[0.2293111262],"iteration":805,"passed_time":28.82680044,"remaining_time":6.938460652},
{"learn":[0.2292397123],"iteration":806,"passed_time":28.85967261,"remaining_time":6.902003486},
{"learn":[0.2292066411],"iteration":807,"passed_time":28.89113591,"remaining_time":6.865220415},
{"learn":[0.2291509233],"iteration":808,"passed_time":28.91871614,"remaining_time":6.827533723},
{"learn":[0.2290700538],"iteration":809,"passed_time":28.95078259,"remaining_time":6.790924311},
{"learn":[0.2290255487],"iteration":810,"passed_time":28.98136488,"remaining_time":6.753980226},
{"learn":[0.2289477793],"iteration":811,"passed_time":29.01519612,"remaining_time":6.717804027},
{"learn":[0.2288600227],"iteration":812,"passed_time":29.04742489,"remaining_time":6.681265012},
{"learn":[0.2288176446],"iteration":813,"passed_time":29.08271202,"remaining_time":6.645435425},
{"learn":[0.2288099838],"iteration":814,"passed_time":29.13202022,"remaining_time":6.612789866},
{"learn":[0.2287423286],"iteration":815,"passed_time":29.17047181,"remaining_time":6.577655409},
{"learn":[0.2286894306],"iteration":816,"passed_time":29.20569959,"remaining_time":6.541790729},
{"learn":[0.2286356669],"iteration":817,"passed_time":29.25088399,"remaining_time":6.508142892},
{"learn":[0.2285729938],"iteration":818,"passed_time":29.31902875,"remaining_time":6.479541153},
{"learn":[0.2285377956],"iteration":819,"passed_time":29.36461996,"remaining_time":6.445892186},
{"learn":[0.228503482],"iteration":820,"passed_time":29.40645233,"remaining_time":6.4113946},
{"learn":[0.2284763332],"iteration":821,"passed_time":29.44812262,"remaining_time":6.376844071},
{"learn":[0.2284321445],"iteration":822,"passed_time":29.48561594,"remaining_time":6.341377913},
{"learn":[0.2283728902],"iteration":823,"passed_time":29.52254328,"remaining_time":6.305785944},
{"learn":[0.228302829],"iteration":824,"passed_time":29.55594522,"remaining_time":6.269442926},
{"learn":[0.2282039563],"iteration":825,"passed_time":29.58863266,"remaining_time":6.232956516},
{"learn":[0.2281266673],"iteration":826,"passed_time":29.62178414,"remaining_time":6.196576369},
{"learn":[0.2280152334],"iteration":827,"passed_time":29.65339749,"remaining_time":6.159884502},
{"learn":[0.2279287306],"iteration":828,"passed_time":29.6898758,"remaining_time":6.124208397},
{"learn":[0.2278695609],"iteration":829,"passed_time":29.73565171,"remaining_time":6.090434687},
{"learn":[0.2278628449],"iteration":830,"passed_time":29.77586443,"remaining_time":6.055500709},
{"learn":[0.2277674529],"iteration":831,"passed_time":29.80635075,"remaining_time":6.018590054},
{"learn":[0.2277424376],"iteration":832,"passed_time":29.83917401,"remaining_time":5.982163337},
{"learn":[0.2276418289],"iteration":833,"passed_time":29.87703542,"remaining_time":5.946748058},
{"learn":[0.2275765742],"iteration":834,"passed_time":29.94769585,"remaining_time":5.917808163},
{"learn":[0.2275305994],"iteration":835,"passed_time":29.99625806,"remaining_time":5.884433399},
{"learn":[0.2274898843],"iteration":836,"passed_time":30.03760661,"remaining_time":5.849617536},
{"learn":[0.227420301],"iteration":837,"passed_time":30.09215209,"remaining_time":5.817337277},
{"learn":[0.2273259882],"iteration":838,"passed_time":30.12720901,"remaining_time":5.781264185},
{"learn":[0.2272955852],"iteration":839,"passed_time":30.16531348,"remaining_time":5.745773997},
{"learn":[0.2272926865],"iteration":840,"passed_time":30.19476063,"remaining_time":5.708640832},
{"learn":[0.227268554],"iteration":841,"passed_time":30.230472,"remaining_time":5.672701396},
{"learn":[0.2272445597],"iteration":842,"passed_time":30.26387734,"remaining_time":5.636333027},
{"learn":[0.2271991922],"iteration":843,"passed_time":30.30794916,"remaining_time":5.60194321},
{"learn":[0.2271737598],"iteration":844,"passed_time":30.34187865,"remaining_time":5.565670048},
{"learn":[0.2271291306],"iteration":845,"passed_time":30.39055986,"remaining_time":5.532087728},
{"learn":[0.2270912018],"iteration":846,"passed_time":30.42505662,"remaining_time":5.495907513},
{"learn":[0.2270619658],"iteration":847,"passed_time":30.46132741,"remaining_time":5.460049253},
{"learn":[0.2269938948],"iteration":848,"passed_time":30.50061481,"remaining_time":5.424726544},
{"learn":[0.2269713894],"iteration":849,"passed_time":30.53368261,"remaining_time":5.38829693},
{"learn":[0.2269251568],"iteration":850,"passed_time":30.5732975,"remaining_time":5.353021536},
{"learn":[0.2268375561],"iteration":851,"passed_time":30.60919341,"remaining_time":5.317089936},
{"learn":[0.2267593476],"iteration":852,"passed_time":30.64590998,"remaining_time":5.281299843},
{"learn":[0.2267099437],"iteration":853,"passed_time":30.6879232,"remaining_time":5.2464131},
{"learn":[0.226649486],"iteration":854,"passed_time":30.73279519,"remaining_time":5.211994507},
{"learn":[0.2266403486],"iteration":855,"passed_time":30.78378991,"remaining_time":5.17858148},
{"learn":[0.2266040277],"iteration":856,"passed_time":30.8218601,"remaining_time":5.142970822},
{"learn":[0.2265118494],"iteration":857,"passed_time":30.86590948,"remaining_time":5.108343992},
{"learn":[0.2264494517],"iteration":858,"passed_time":30.97095741,"remaining_time":5.083707794},
{"learn":[0.2263892923],"iteration":859,"passed_time":31.02665113,"remaining_time":5.050850184},
{"learn":[0.2263132479],"iteration":860,"passed_time":31.08072112,"remaining_time":5.017677393},
{"learn":[0.2263080299],"iteration":861,"passed_time":31.11311597,"remaining_time":4.980986084},
{"learn":[0.2262006547],"iteration":862,"passed_time":31.14472808,"remaining_time":4.944180471},
{"learn":[0.226166034],"iteration":863,"passed_time":31.18774977,"remaining_time":4.909182835},
{"learn":[0.2261576369],"iteration":864,"passed_time":31.21927499,"remaining_time":4.872372398},
{"learn":[0.2260749115],"iteration":865,"passed_time":31.25501042,"remaining_time":4.836225631},
{"learn":[0.2260621385],"iteration":866,"passed_time":31.28714813,"remaining_time":4.799527914},
{"learn":[0.2259768868],"iteration":867,"passed_time":31.32150841,"remaining_time":4.763178698},
{"learn":[0.2258884622],"iteration":868,"passed_time":31.35537966,"remaining_time":4.726760341},
{"learn":[0.225839499],"iteration":869,"passed_time":31.38823022,"remaining_time":4.69019532},
{"learn":[0.2257064702],"iteration":870,"passed_time":31.42123709,"remaining_time":4.65366198},
{"learn":[0.2256960191],"iteration":871,"passed_time":31.4528831,"remaining_time":4.616936969},
{"learn":[0.2256436567],"iteration":872,"passed_time":31.48542995,"remaining_time":4.580354643},
{"learn":[0.2255918049],"iteration":873,"passed_time":31.51816036,"remaining_time":4.543808015},
{"learn":[0.2255228492],"iteration":874,"passed_time":31.55120953,"remaining_time":4.507315647},
{"learn":[0.225476702],"iteration":875,"passed_time":31.58110479,"remaining_time":4.470384696},
{"learn":[0.225436304],"iteration":876,"passed_time":31.61224793,"remaining_time":4.433644807},
{"learn":[0.225375147],"iteration":877,"passed_time":31.6451495,"remaining_time":4.397162004},
{"learn":[0.2253041001],"iteration":878,"passed_time":31.67864242,"remaining_time":4.360768752},
{"learn":[0.2251507904],"iteration":879,"passed_time":31.72361568,"remaining_time":4.325947592},
{"learn":[0.225059488],"iteration":880,"passed_time":31.7681179,"remaining_time":4.291039761},
{"learn":[0.2249685694],"iteration":881,"passed_time":31.80668399,"remaining_time":4.255315998},
{"learn":[0.2249008062],"iteration":882,"passed_time":31.83756775,"remaining_time":4.218567867},
{"learn":[0.2248542207],"iteration":883,"passed_time":31.86876837,"remaining_time":4.181874583},
{"learn":[0.2246647285],"iteration":884,"passed_time":31.9007266,"remaining_time":4.145292157},
{"learn":[0.2245313676],"iteration":885,"passed_time":31.93765635,"remaining_time":4.109359846},
{"learn":[0.2244327951],"iteration":886,"passed_time":31.96958664,"remaining_time":4.072788377},
{"learn":[0.224378703],"iteration":887,"passed_time":32.00004989,"remaining_time":4.036042329},
{"learn":[0.224361213],"iteration":888,"passed_time":32.03344023,"remaining_time":3.999675889},
{"learn":[0.2243086327],"iteration":889,"passed_time":32.06406078,"remaining_time":3.962973804},
{"learn":[0.2242805746],"iteration":890,"passed_time":32.09321424,"remaining_time":3.926105894},
{"learn":[0.2242400668],"iteration":891,"passed_time":32.12774463,"remaining_time":3.8899063},
{"learn":[0.2242250344],"iteration":892,"passed_time":32.15977854,"remaining_time":3.853411314},
{"learn":[0.2242097018],"iteration":893,"passed_time":32.18692726,"remaining_time":3.81634708},
{"learn":[0.2240253123],"iteration":894,"passed_time":32.21843877,"remaining_time":3.779816839},
{"learn":[0.2239807129],"iteration":895,"passed_time":32.24927882,"remaining_time":3.743219863},
{"learn":[0.2239586642],"iteration":896,"passed_time":32.28153054,"remaining_time":3.706797822},
{"learn":[0.2238714939],"iteration":897,"passed_time":32.31442076,"remaining_time":3.670457592},
{"learn":[0.2238467556],"iteration":898,"passed_time":32.34670012,"remaining_time":3.634056409},
{"learn":[0.223839277],"iteration":899,"passed_time":32.38775995,"remaining_time":3.598639995},
{"learn":[0.2238321937],"iteration":900,"passed_time":32.43012935,"remaining_time":3.563354945},
{"learn":[0.2237260815],"iteration":901,"passed_time":32.46216017,"remaining_time":3.526930928},
{"learn":[0.2236868158],"iteration":902,"passed_time":32.49138824,"remaining_time":3.49021557},
{"learn":[0.2236137063],"iteration":903,"passed_time":32.52443911,"remaining_time":3.453922737},
{"learn":[0.2235484107],"iteration":904,"passed_time":32.57065622,"remaining_time":3.419019161},
{"learn":[0.2234979612],"iteration":905,"passed_time":32.62103766,"remaining_time":3.384522671},
{"learn":[0.2234377324],"iteration":906,"passed_time":32.66767842,"remaining_time":3.349607599},
{"learn":[0.223422332],"iteration":907,"passed_time":32.81864053,"remaining_time":3.325236706},
{"learn":[0.2233936581],"iteration":908,"passed_time":32.90731316,"remaining_time":3.294351482},
{"learn":[0.2233852464],"iteration":909,"passed_time":32.97639945,"remaining_time":3.261402143},
{"learn":[0.22336197],"iteration":910,"passed_time":33.03496844,"remaining_time":3.227345984},
{"learn":[0.2232888866],"iteration":911,"passed_time":33.08959136,"remaining_time":3.192855307},
{"learn":[0.223207703],"iteration":912,"passed_time":33.1269327,"remaining_time":3.156673763},
{"learn":[0.2231392703],"iteration":913,"passed_time":33.16403178,"remaining_time":3.120466885},
{"learn":[0.2230668995],"iteration":914,"passed_time":33.19244852,"remaining_time":3.083451502},
{"learn":[0.2230289134],"iteration":915,"passed_time":33.22391873,"remaining_time":3.046734905},
{"learn":[0.2229902049],"iteration":916,"passed_time":33.26093329,"remaining_time":3.010531585},
{"learn":[0.2229661964],"iteration":917,"passed_time":33.30327517,"remaining_time":2.974802357},
{"learn":[0.2229253505],"iteration":918,"passed_time":33.35039041,"remaining_time":2.939479459},
{"learn":[0.2228591698],"iteration":919,"passed_time":33.39403601,"remaining_time":2.903829218},
{"learn":[0.2227923012],"iteration":920,"passed_time":33.47541027,"remaining_time":2.87139784},
{"learn":[0.2227875988],"iteration":921,"passed_time":33.52627056,"remaining_time":2.836278855},
{"learn":[0.2227423106],"iteration":922,"passed_time":33.57279556,"remaining_time":2.800764093},
{"learn":[0.2227038603],"iteration":923,"passed_time":33.62462697,"remaining_time":2.765661958},
{"learn":[0.2226327596],"iteration":924,"passed_time":33.6873809,"remaining_time":2.731409262},
{"learn":[0.2225772644],"iteration":925,"passed_time":33.73274245,"remaining_time":2.69570512},
{"learn":[0.2225134524],"iteration":926,"passed_time":33.78681823,"remaining_time":2.660666377},
{"learn":[0.2224786486],"iteration":927,"passed_time":33.83897051,"remaining_time":2.625437367},
{"learn":[0.2224725549],"iteration":928,"passed_time":33.86717377,"remaining_time":2.58834159},
{"learn":[0.2224153866],"iteration":929,"passed_time":33.92246072,"remaining_time":2.553303495},
{"learn":[0.2223399485],"iteration":930,"passed_time":33.9699883,"remaining_time":2.517646824},
{"learn":[0.222261152],"iteration":931,"passed_time":34.00298272,"remaining_time":2.480904318},
{"learn":[0.2222279146],"iteration":932,"passed_time":34.03593003,"remaining_time":2.444166465},
{"learn":[0.2221911073],"iteration":933,"passed_time":34.08146414,"remaining_time":2.40832616},
{"learn":[0.2221210928],"iteration":934,"passed_time":34.11895766,"remaining_time":2.371906148},
{"learn":[0.2220357512],"iteration":935,"passed_time":34.15138957,"remaining_time":2.335137748},
{"learn":[0.2220167723],"iteration":936,"passed_time":34.18859651,"remaining_time":2.298699659},
{"learn":[0.2219484768],"iteration":937,"passed_time":34.25597697,"remaining_time":2.264254342},
{"learn":[0.221893343],"iteration":938,"passed_time":34.30769846,"remaining_time":2.228721625},
{"learn":[0.2218701753],"iteration":939,"passed_time":34.35455435,"remaining_time":2.192843895},
{"learn":[0.2218425837],"iteration":940,"passed_time":34.39105523,"remaining_time":2.15629358},
{"learn":[0.2217843188],"iteration":941,"passed_time":34.46581779,"remaining_time":2.122099185},
{"learn":[0.2217455676],"iteration":942,"passed_time":34.61649062,"remaining_time":2.092407175},
{"learn":[0.2217112295],"iteration":943,"passed_time":34.69044502,"remaining_time":2.057907756},
{"learn":[0.2216908647],"iteration":944,"passed_time":34.75692446,"remaining_time":2.022889783},
{"learn":[0.2216619667],"iteration":945,"passed_time":34.82325218,"remaining_time":1.987796636},
{"learn":[0.221592314],"iteration":946,"passed_time":34.87427332,"remaining_time":1.951780872},
{"learn":[0.2215552393],"iteration":947,"passed_time":34.92308692,"remaining_time":1.915612363},
{"learn":[0.2215279965],"iteration":948,"passed_time":34.978663,"remaining_time":1.879780625},
{"learn":[0.221510742],"iteration":949,"passed_time":35.02223463,"remaining_time":1.843275507},
{"learn":[0.2214923551],"iteration":950,"passed_time":35.06961101,"remaining_time":1.806951566},
{"learn":[0.2214353425],"iteration":951,"passed_time":35.11961762,"remaining_time":1.770737023},
{"learn":[0.2214206241],"iteration":952,"passed_time":35.16605176,"remaining_time":1.734317348},
{"learn":[0.2214181144],"iteration":953,"passed_time":35.20527992,"remaining_time":1.69752922},
{"learn":[0.2213114257],"iteration":954,"passed_time":35.23772481,"remaining_time":1.660416352},
{"learn":[0.2212393937],"iteration":955,"passed_time":35.27158541,"remaining_time":1.623378408},
{"learn":[0.2212119581],"iteration":956,"passed_time":35.30587968,"remaining_time":1.58636659},
{"learn":[0.2211041537],"iteration":957,"passed_time":35.35258275,"remaining_time":1.549904463},
{"learn":[0.2210483301],"iteration":958,"passed_time":35.40980956,"remaining_time":1.513870899},
{"learn":[0.2209894333],"iteration":959,"passed_time":35.45402126,"remaining_time":1.477250886},
{"learn":[0.2209616843],"iteration":960,"passed_time":35.51241001,"remaining_time":1.441190417},
{"learn":[0.2209285342],"iteration":961,"passed_time":35.55762796,"remaining_time":1.404563267},
{"learn":[0.2208705454],"iteration":962,"passed_time":35.62957545,"remaining_time":1.368945267},
{"learn":[0.2208119019],"iteration":963,"passed_time":35.68512268,"remaining_time":1.332639436},
{"learn":[0.220718167],"iteration":964,"passed_time":35.76349121,"remaining_time":1.297121443},
{"learn":[0.2206336649],"iteration":965,"passed_time":35.8335188,"remaining_time":1.261221159},
{"learn":[0.2206181343],"iteration":966,"passed_time":35.88396513,"remaining_time":1.224582057},
{"learn":[0.2205769667],"iteration":967,"passed_time":35.92320701,"remaining_time":1.187544033},
{"learn":[0.2205346357],"iteration":968,"passed_time":35.95213993,"remaining_time":1.150171659},
{"learn":[0.2205227072],"iteration":969,"passed_time":35.98932212,"remaining_time":1.113071818},
{"learn":[0.2205106768],"iteration":970,"passed_time":36.02231956,"remaining_time":1.075846825},
{"learn":[0.2204565644],"iteration":971,"passed_time":36.05452583,"remaining_time":1.03860774},
{"learn":[0.2203572302],"iteration":972,"passed_time":36.09764564,"remaining_time":1.001681842},
{"learn":[0.2202440657],"iteration":973,"passed_time":36.14470283,"remaining_time":0.9648483303},
{"learn":[0.2200901552],"iteration":974,"passed_time":36.20101476,"remaining_time":0.9282311476},
{"learn":[0.2200239942],"iteration":975,"passed_time":36.24601876,"remaining_time":0.8912955433},
{"learn":[0.2199718435],"iteration":976,"passed_time":36.28433996,"remaining_time":0.8541860994},
{"learn":[0.2199119468],"iteration":977,"passed_time":36.31632405,"remaining_time":0.8169316248},
{"learn":[0.2199008639],"iteration":978,"passed_time":36.34953109,"remaining_time":0.7797141501},
{"learn":[0.2198874765],"iteration":979,"passed_time":36.38047663,"remaining_time":0.7424587068},
{"learn":[0.2198743205],"iteration":980,"passed_time":36.41572352,"remaining_time":0.7052994363},
{"learn":[0.2198370684],"iteration":981,"passed_time":36.44826678,"remaining_time":0.668094503},
{"learn":[0.2197527714],"iteration":982,"passed_time":36.48139824,"remaining_time":0.6309092269},
{"learn":[0.2197441897],"iteration":983,"passed_time":36.51190599,"remaining_time":0.5936895283},
{"learn":[0.2197315121],"iteration":984,"passed_time":36.5459353,"remaining_time":0.5565370858},
{"learn":[0.21973014],"iteration":985,"passed_time":36.57869792,"remaining_time":0.5193729928},
{"learn":[0.2196277032],"iteration":986,"passed_time":36.61093534,"remaining_time":0.4822109011},
{"learn":[0.2195684069],"iteration":987,"passed_time":36.64587673,"remaining_time":0.4450916202},
{"learn":[0.2194917888],"iteration":988,"passed_time":36.6900875,"remaining_time":0.4080798408},
{"learn":[0.2194428908],"iteration":989,"passed_time":36.74568519,"remaining_time":0.3711685373},
{"learn":[0.2194228044],"iteration":990,"passed_time":36.81248971,"remaining_time":0.3343212991},
{"learn":[0.2193853074],"iteration":991,"passed_time":36.85522068,"remaining_time":0.2972195216},
{"learn":[0.2193576613],"iteration":992,"passed_time":36.90656112,"remaining_time":0.2601670975},
{"learn":[0.2192649554],"iteration":993,"passed_time":36.95643882,"remaining_time":0.2230770955},
{"learn":[0.2192475986],"iteration":994,"passed_time":37.01557159,"remaining_time":0.1860078974},
{"learn":[0.2191581844],"iteration":995,"passed_time":37.0713228,"remaining_time":0.1488808145},
{"learn":[0.2190989538],"iteration":996,"passed_time":37.11499069,"remaining_time":0.1116800121},
{"learn":[0.2190866743],"iteration":997,"passed_time":37.15492628,"remaining_time":0.07445877009},
{"learn":[0.2190835943],"iteration":998,"passed_time":37.19287621,"remaining_time":0.03723010632},
{"learn":[0.2190210455],"iteration":999,"passed_time":37.23415486,"remaining_time":0}
]}